902,5.275469086303044,3.23983219325802,349,52eba2f3fae93139fe2cb55b384ba319,837d614e2d894c7bd06abb22e3594100,b5de50f1597ac47be3c80938ac716700
2030,5.275469086303044,3.23983219325802,317,52eba2f3fae93139fe2cb55b384ba319,837d614e2d894c7bd06abb22e3594100,b5de50f1597ac47be3c80938ac716700
3004,5.275469086303044,3.23983219325802,350,52eba2f3fae93139fe2cb55b384ba319,837d614e2d894c7bd06abb22e3594100,b5de50f1597ac47be3c80938ac716700
4130,5.275469086303044,3.23983219325802,332,52eba2f3fae93139fe2cb55b384ba319,837d614e2d894c7bd06abb22e3594100,b5de50f1597ac47be3c80938ac716700
5045,5.275469086303044,3.23983219325802,346,52eba2f3fae93139fe2cb55b384ba319,837d614e2d894c7bd06abb22e3594100,b5de50f1597ac47be3c80938ac716700
6032,5.275469086303044,3.23983219325802,348,52eba2f3fae93139fe2cb55b384ba319,837d614e2d894c7bd06abb22e3594100,b5de50f1597ac47be3c80938ac716700
8513,5.275469086303044,3.23983219325802,314,52eba2f3fae93139fe2cb55b384ba319,837d614e2d894c7bd06abb22e3594100,b5de50f1597ac47be3c80938ac716700
9510,5.275469086303044,3.23983219325802,315,52eba2f3fae93139fe2cb55b384ba319,837d614e2d894c7bd06abb22e3594100,b5de50f1597ac47be3c80938ac716700
10411,4.361786748028726,3.267215230326672,324,52eba2f3fae93139fe2cb55b384ba319,837d614e2d894c7bd06abb22e3594100,8cb980d669fc5bfab2ad757dd8a4210c
11446,3.0463082598045106,3.4013277325724625,334,52eba2f3fae93139fe2cb55b384ba319,8cb980d669fc5bfab2ad757dd8a4210c,4d631bfc9292dbacea87ac8860283332
13833,2.7195123727795725,4.833961536418322,337,52eba2f3fae93139fe2cb55b384ba319,8cb980d669fc5bfab2ad757dd8a4210c,b5de50f1597ac47be3c80938ac716700
14860,2.378641741880128,5.313400006905816,357,676ca537da004748c7e24b3b36f74725,8cb980d669fc5bfab2ad757dd8a4210c,b5de50f1597ac47be3c80938ac716700
15846,2.0488303225599447,5.648931394420175,353,676ca537da004748c7e24b3b36f74725,b5de50f1597ac47be3c80938ac716700,685d619a40803946c685f1422abc5629
18295,1.9883667322161331,6.911665693357303,347,676ca537da004748c7e24b3b36f74725,c8b7b9f7d8b142bcc78ffed4fe8dd834,685d619a40803946c685f1422abc5629
19295,2.3200113414681214,7.751964285316947,350,c8b7b9f7d8b142bcc78ffed4fe8dd834,685d619a40803946c685f1422abc5629,b5de50f1597ac47be3c80938ac716700
20363,2.4719789851687457,8.075260147957056,341,c8b7b9f7d8b142bcc78ffed4fe8dd834,685d619a40803946c685f1422abc5629,b5de50f1597ac47be3c80938ac716700
21292,2.5249668261199525,8.187986445033193,322,c8b7b9f7d8b142bcc78ffed4fe8dd834,685d619a40803946c685f1422abc5629,b5de50f1597ac47be3c80938ac716700
23684,3.011057808263753,8.368552995847617,345,c8b7b9f7d8b142bcc78ffed4fe8dd834,b5de50f1597ac47be3c80938ac716700,685d619a40803946c685f1422abc5629
24631,3.544452514053331,8.54144435266293,343,c8b7b9f7d8b142bcc78ffed4fe8dd834,b5de50f1597ac47be3c80938ac716700,685d619a40803946c685f1422abc5629
25704,3.730435748025639,8.601727841264065,333,c8b7b9f7d8b142bcc78ffed4fe8dd834,b5de50f1597ac47be3c80938ac716700,685d619a40803946c685f1422abc5629
28232,3.795284091931857,8.622747394033297,296,c8b7b9f7d8b142bcc78ffed4fe8dd834,b5de50f1597ac47be3c80938ac716700,685d619a40803946c685f1422abc5629
29102,3.6071545380235257,8.759937061757729,238,c8b7b9f7d8b142bcc78ffed4fe8dd834,b5de50f1597ac47be3c80938ac716700,685d619a40803946c685f1422abc5629
30000,3.5188164034713942,8.819788812468376,226,c8b7b9f7d8b142bcc78ffed4fe8dd834,b5de50f1597ac47be3c80938ac716700,685d619a40803946c685f1422abc5629
31055,3.177765333682507,8.96224690529082,240,c8b7b9f7d8b142bcc78ffed4fe8dd834,685d619a40803946c685f1422abc5629,b5de50f1597ac47be3c80938ac716700
33346,2.2342087842954523,8.66530300691791,273,c8b7b9f7d8b142bcc78ffed4fe8dd834,685d619a40803946c685f1422abc5629,b5de50f1597ac47be3c80938ac716700
34210,2.2890316838143576,7.753709313986398,280,c8b7b9f7d8b142bcc78ffed4fe8dd834,685d619a40803946c685f1422abc5629,b5de50f1597ac47be3c80938ac716700
35101,2.2446892383678363,8.077716723853573,275,c8b7b9f7d8b142bcc78ffed4fe8dd834,685d619a40803946c685f1422abc5629,b5de50f1597ac47be3c80938ac716700
36013,2.2076034848145794,8.386464816717767,310,c8b7b9f7d8b142bcc78ffed4fe8dd834,685d619a40803946c685f1422abc5629,676ca537da004748c7e24b3b36f74725
38476,2.1946724821156964,8.483808304820613,344,c8b7b9f7d8b142bcc78ffed4fe8dd834,685d619a40803946c685f1422abc5629,676ca537da004748c7e24b3b36f74725
39394,1.86326775239282,8.561410218474082,354,685d619a40803946c685f1422abc5629,c8b7b9f7d8b142bcc78ffed4fe8dd834,676ca537da004748c7e24b3b36f74725
40381,2.127196047133755,8.718290490755047,314,c8b7b9f7d8b142bcc78ffed4fe8dd834,685d619a40803946c685f1422abc5629,b5de50f1597ac47be3c80938ac716700
41273,1.945386227605781,8.844689037680514,333,685d619a40803946c685f1422abc5629,c8b7b9f7d8b142bcc78ffed4fe8dd834,676ca537da004748c7e24b3b36f74725
43675,2.4115495831636173,8.734914279370718,325,c8b7b9f7d8b142bcc78ffed4fe8dd834,685d619a40803946c685f1422abc5629,b5de50f1597ac47be3c80938ac716700
44649,2.6691149655205955,8.6691866335148,322,c8b7b9f7d8b142bcc78ffed4fe8dd834,685d619a40803946c685f1422abc5629,b5de50f1597ac47be3c80938ac716700
45573,2.7589224612645866,8.646268820486311,331,c8b7b9f7d8b142bcc78ffed4fe8dd834,685d619a40803946c685f1422abc5629,b5de50f1597ac47be3c80938ac716700
46458,2.790236398789889,8.638277873189034,343,c8b7b9f7d8b142bcc78ffed4fe8dd834,685d619a40803946c685f1422abc5629,b5de50f1597ac47be3c80938ac716700
48813,2.6692958111203584,8.581401852150496,225,c8b7b9f7d8b142bcc78ffed4fe8dd834,685d619a40803946c685f1422abc5629,b5de50f1597ac47be3c80938ac716700
49920,2.149785951737605,8.364467144920917,244,685d619a40803946c685f1422abc5629,c8b7b9f7d8b142bcc78ffed4fe8dd834,676ca537da004748c7e24b3b36f74725
50843,1.9684237579602955,8.28882668960056,255,685d619a40803946c685f1422abc5629,c8b7b9f7d8b142bcc78ffed4fe8dd834,676ca537da004748c7e24b3b36f74725
53325,1.717557619946563,8.105221801611727,229,676ca537da004748c7e24b3b36f74725,685d619a40803946c685f1422abc5629,c8b7b9f7d8b142bcc78ffed4fe8dd834
54149,0.94636499467322,7.4682534662652325,251,676ca537da004748c7e24b3b36f74725,685d619a40803946c685f1422abc5629,c8b7b9f7d8b142bcc78ffed4fe8dd834
55036,0.6774667530762875,7.246156340703524,217,676ca537da004748c7e24b3b36f74725,685d619a40803946c685f1422abc5629,c8b7b9f7d8b142bcc78ffed4fe8dd834
55983,0.5837077336506358,7.168715861411973,162,676ca537da004748c7e24b3b36f74725,685d619a40803946c685f1422abc5629,c8b7b9f7d8b142bcc78ffed4fe8dd834
58319,0.5537273399375986,7.445362533166045,127,676ca537da004748c7e24b3b36f74725,685d619a40803946c685f1422abc5629,c8b7b9f7d8b142bcc78ffed4fe8dd834
59240,0.8581838335556143,7.796265263878757,89,676ca537da004748c7e24b3b36f74725,685d619a40803946c685f1422abc5629,c8b7b9f7d8b142bcc78ffed4fe8dd834
60240,1.3012814864427762,7.186763769440877,70,676ca537da004748c7e24b3b36f74725,685d619a40803946c685f1422abc5629,c8b7b9f7d8b142bcc78ffed4fe8dd834
61215,1.7081974033761198,6.7775179201265345,14,676ca537da004748c7e24b3b36f74725,b5de50f1597ac47be3c80938ac716700,685d619a40803946c685f1422abc5629
63614,2.236853469896931,6.436091753140936,291,b5de50f1597ac47be3c80938ac716700,676ca537da004748c7e24b3b36f74725,c8b7b9f7d8b142bcc78ffed4fe8dd834
64470,3.1396064933135213,7.447901836328763,356,b5de50f1597ac47be3c80938ac716700,c8b7b9f7d8b142bcc78ffed4fe8dd834,685d619a40803946c685f1422abc5629
65513,3.4501848872954763,8.286949334751903,330,c8b7b9f7d8b142bcc78ffed4fe8dd834,b5de50f1597ac47be3c80938ac716700,685d619a40803946c685f1422abc5629
68682,3.201384151809957,8.82189237783323,20,c8b7b9f7d8b142bcc78ffed4fe8dd834,b5de50f1597ac47be3c80938ac716700,685d619a40803946c685f1422abc5629
68779,3.116381379388928,8.991837551686164,65,c8b7b9f7d8b142bcc78ffed4fe8dd834,b5de50f1597ac47be3c80938ac716700,685d619a40803946c685f1422abc5629
69792,3.3918670749124793,8.630387245982936,68,b5de50f1597ac47be3c80938ac716700,c8b7b9f7d8b142bcc78ffed4fe8dd834,685d619a40803946c685f1422abc5629
70741,3.1603374196499843,7.361643239699016,79,b5de50f1597ac47be3c80938ac716700,c8b7b9f7d8b142bcc78ffed4fe8dd834,685d619a40803946c685f1422abc5629
73043,2.9917095006764653,6.930822855422711,96,b5de50f1597ac47be3c80938ac716700,c8b7b9f7d8b142bcc78ffed4fe8dd834,676ca537da004748c7e24b3b36f74725
73996,2.769512944634127,7.015402861030212,113,c8b7b9f7d8b142bcc78ffed4fe8dd834,b5de50f1597ac47be3c80938ac716700,685d619a40803946c685f1422abc5629
74894,2.9656759023119776,7.893647118619475,106,b5de50f1597ac47be3c80938ac716700,c8b7b9f7d8b142bcc78ffed4fe8dd834,685d619a40803946c685f1422abc5629
75921,2.7409076811423305,8.008230591828895,78,b5de50f1597ac47be3c80938ac716700,c8b7b9f7d8b142bcc78ffed4fe8dd834,685d619a40803946c685f1422abc5629
78302,4.051704917820684,7.814488554055775,111,b5de50f1597ac47be3c80938ac716700,c8b7b9f7d8b142bcc78ffed4fe8dd834,685d619a40803946c685f1422abc5629
79301,4.554327938618704,7.84960660621529,176,b5de50f1597ac47be3c80938ac716700,c8b7b9f7d8b142bcc78ffed4fe8dd834,685d619a40803946c685f1422abc5629
80234,4.973947436760023,7.702146559529381,204,b5de50f1597ac47be3c80938ac716700,c8b7b9f7d8b142bcc78ffed4fe8dd834,685d619a40803946c685f1422abc5629
81125,4.535690053568462,7.778055921211072,241,b5de50f1597ac47be3c80938ac716700,c8b7b9f7d8b142bcc78ffed4fe8dd834,685d619a40803946c685f1422abc5629
83616,3.209392499783337,7.503427943359579,272,b5de50f1597ac47be3c80938ac716700,c8b7b9f7d8b142bcc78ffed4fe8dd834,685d619a40803946c685f1422abc5629
84530,2.622617113195868,7.956671633611565,270,c8b7b9f7d8b142bcc78ffed4fe8dd834,685d619a40803946c685f1422abc5629,b5de50f1597ac47be3c80938ac716700
85464,2.1017481818905384,7.812843879746541,274,676ca537da004748c7e24b3b36f74725,685d619a40803946c685f1422abc5629,c8b7b9f7d8b142bcc78ffed4fe8dd834
88043,1.7534596077066587,7.079134902731079,270,676ca537da004748c7e24b3b36f74725,685d619a40803946c685f1422abc5629,c8b7b9f7d8b142bcc78ffed4fe8dd834
88941,1.6749426774704657,6.999964847405778,263,676ca537da004748c7e24b3b36f74725,685d619a40803946c685f1422abc5629,c8b7b9f7d8b142bcc78ffed4fe8dd834
90002,1.8302047605113327,6.788907432308898,237,676ca537da004748c7e24b3b36f74725,b5de50f1597ac47be3c80938ac716700,685d619a40803946c685f1422abc5629
90985,1.9266840936275191,6.4735999162825,227,676ca537da004748c7e24b3b36f74725,b5de50f1597ac47be3c80938ac716700,685d619a40803946c685f1422abc5629
93356,1.9561000292185502,6.393806730253747,282,676ca537da004748c7e24b3b36f74725,685d619a40803946c685f1422abc5629,b5de50f1597ac47be3c80938ac716700
94215,1.6431644127548215,7.691969798632587,314,685d619a40803946c685f1422abc5629,676ca537da004748c7e24b3b36f74725,c8b7b9f7d8b142bcc78ffed4fe8dd834
95217,1.8581097157072424,7.973466724029546,282,676ca537da004748c7e24b3b36f74725,685d619a40803946c685f1422abc5629,c8b7b9f7d8b142bcc78ffed4fe8dd834
96180,2.0836422390735256,7.944880649964507,258,685d619a40803946c685f1422abc5629,c8b7b9f7d8b142bcc78ffed4fe8dd834,676ca537da004748c7e24b3b36f74725
98643,1.4019893455224564,8.144939960577675,256,685d619a40803946c685f1422abc5629,676ca537da004748c7e24b3b36f74725,c8b7b9f7d8b142bcc78ffed4fe8dd834
99474,0.9261563767937706,8.349920657067246,258,685d619a40803946c685f1422abc5629,676ca537da004748c7e24b3b36f74725,c8b7b9f7d8b142bcc78ffed4fe8dd834
100488,1.8008338179531485,7.8214426917095015,257,676ca537da004748c7e24b3b36f74725,685d619a40803946c685f1422abc5629,c8b7b9f7d8b142bcc78ffed4fe8dd834
101414,2.0783888740373437,6.88451599966808,258,676ca537da004748c7e24b3b36f74725,b5de50f1597ac47be3c80938ac716700,c8b7b9f7d8b142bcc78ffed4fe8dd834
103756,2.146687186172212,6.429720299539133,267,676ca537da004748c7e24b3b36f74725,b5de50f1597ac47be3c80938ac716700,c8b7b9f7d8b142bcc78ffed4fe8dd834
104709,2.170024329075824,6.391322209288139,356,676ca537da004748c7e24b3b36f74725,b5de50f1597ac47be3c80938ac716700,685d619a40803946c685f1422abc5629
105665,2.069059169285763,7.535258401977995,53,685d619a40803946c685f1422abc5629,c8b7b9f7d8b142bcc78ffed4fe8dd834,676ca537da004748c7e24b3b36f74725
108175,2.1936449538342946,7.57203496747025,71,b5de50f1597ac47be3c80938ac716700,676ca537da004748c7e24b3b36f74725,c8b7b9f7d8b142bcc78ffed4fe8dd834
109243,2.515227976997622,7.000964877810565,80,b5de50f1597ac47be3c80938ac716700,676ca537da004748c7e24b3b36f74725,c8b7b9f7d8b142bcc78ffed4fe8dd834
110146,2.169582041202356,6.761281724212619,89,676ca537da004748c7e24b3b36f74725,b5de50f1597ac47be3c80938ac716700,685d619a40803946c685f1422abc5629
111070,2.0356074400888087,7.311905185574299,73,685d619a40803946c685f1422abc5629,c8b7b9f7d8b142bcc78ffed4fe8dd834,676ca537da004748c7e24b3b36f74725
113559,2.1482434902968794,8.034047730203278,55,685d619a40803946c685f1422abc5629,c8b7b9f7d8b142bcc78ffed4fe8dd834,676ca537da004748c7e24b3b36f74725
114549,1.9972128820087376,7.779205747429978,68,685d619a40803946c685f1422abc5629,676ca537da004748c7e24b3b36f74725,c8b7b9f7d8b142bcc78ffed4fe8dd834
115488,2.1148655017000912,7.543475976694462,88,676ca537da004748c7e24b3b36f74725,b5de50f1597ac47be3c80938ac716700,c8b7b9f7d8b142bcc78ffed4fe8dd834
116436,2.658172782370596,7.602533076085045,119,b5de50f1597ac47be3c80938ac716700,c8b7b9f7d8b142bcc78ffed4fe8dd834,685d619a40803946c685f1422abc5629
118624,4.111243717973403,7.7603859016608965,5,b5de50f1597ac47be3c80938ac716700,c8b7b9f7d8b142bcc78ffed4fe8dd834,685d619a40803946c685f1422abc5629
119762,4.8406783263260715,7.649442641280261,347,b5de50f1597ac47be3c80938ac716700,c8b7b9f7d8b142bcc78ffed4fe8dd834,685d619a40803946c685f1422abc5629
120631,5.095016447721434,7.610759118311133,317,b5de50f1597ac47be3c80938ac716700,c8b7b9f7d8b142bcc78ffed4fe8dd834,52eba2f3fae93139fe2cb55b384ba319
123070,5.183698667147533,7.597271007864684,290,b5de50f1597ac47be3c80938ac716700,c8b7b9f7d8b142bcc78ffed4fe8dd834,52eba2f3fae93139fe2cb55b384ba319
123874,4.789220376304839,7.909513738289745,267,b5de50f1597ac47be3c80938ac716700,c8b7b9f7d8b142bcc78ffed4fe8dd834,685d619a40803946c685f1422abc5629
124900,4.108064190081065,8.415771744808705,312,c8b7b9f7d8b142bcc78ffed4fe8dd834,b5de50f1597ac47be3c80938ac716700,685d619a40803946c685f1422abc5629
125896,3.4278482156327716,8.86221643904026,257,c8b7b9f7d8b142bcc78ffed4fe8dd834,b5de50f1597ac47be3c80938ac716700,685d619a40803946c685f1422abc5629
128214,3.1831375414892333,9.022475614397335,233,c8b7b9f7d8b142bcc78ffed4fe8dd834,b5de50f1597ac47be3c80938ac716700,685d619a40803946c685f1422abc5629
129142,2.776360461317795,8.860989535746844,234,c8b7b9f7d8b142bcc78ffed4fe8dd834,685d619a40803946c685f1422abc5629,b5de50f1597ac47be3c80938ac716700
130134,2.265355936066017,8.365637411443231,253,c8b7b9f7d8b142bcc78ffed4fe8dd834,685d619a40803946c685f1422abc5629,b5de50f1597ac47be3c80938ac716700
130880,1.9515342797085273,8.566272265048847,262,685d619a40803946c685f1422abc5629,c8b7b9f7d8b142bcc78ffed4fe8dd834,676ca537da004748c7e24b3b36f74725
133334,1.9865676821585896,8.586235277580924,321,685d619a40803946c685f1422abc5629,c8b7b9f7d8b142bcc78ffed4fe8dd834,676ca537da004748c7e24b3b36f74725
136514,1.4690046999148598,8.679616790134551,92,685d619a40803946c685f1422abc5629,676ca537da004748c7e24b3b36f74725,c8b7b9f7d8b142bcc78ffed4fe8dd834
136615,1.265343129990677,8.931702151876124,89,685d619a40803946c685f1422abc5629,c8b7b9f7d8b142bcc78ffed4fe8dd834,676ca537da004748c7e24b3b36f74725
136677,1.2136290548283817,9.046703203428347,82,685d619a40803946c685f1422abc5629,c8b7b9f7d8b142bcc78ffed4fe8dd834,676ca537da004748c7e24b3b36f74725
138429,1.195597471769578,9.086801590693437,138,685d619a40803946c685f1422abc5629,c8b7b9f7d8b142bcc78ffed4fe8dd834,676ca537da004748c7e24b3b36f74725
139405,1.3301773062865867,9.021922324586455,158,685d619a40803946c685f1422abc5629,c8b7b9f7d8b142bcc78ffed4fe8dd834,676ca537da004748c7e24b3b36f74725
140304,1.969795763459007,7.970398667253498,114,676ca537da004748c7e24b3b36f74725,c8b7b9f7d8b142bcc78ffed4fe8dd834,685d619a40803946c685f1422abc5629
141189,2.233062697321075,7.23505749417293,121,676ca537da004748c7e24b3b36f74725,b5de50f1597ac47be3c80938ac716700,c8b7b9f7d8b142bcc78ffed4fe8dd834
143615,2.3248582011500116,6.978659881001894,110,b5de50f1597ac47be3c80938ac716700,676ca537da004748c7e24b3b36f74725,c8b7b9f7d8b142bcc78ffed4fe8dd834
144573,2.350495629949628,6.889259561196054,111,676ca537da004748c7e24b3b36f74725,b5de50f1597ac47be3c80938ac716700,c8b7b9f7d8b142bcc78ffed4fe8dd834
145535,2.390299758274421,6.966722032260385,120,b5de50f1597ac47be3c80938ac716700,c8b7b9f7d8b142bcc78ffed4fe8dd834,676ca537da004748c7e24b3b36f74725
146437,2.768636183964377,6.943899303847586,114,b5de50f1597ac47be3c80938ac716700,c8b7b9f7d8b142bcc78ffed4fe8dd834,685d619a40803946c685f1422abc5629
148861,2.6115697358531538,6.811336514123273,173,b5de50f1597ac47be3c80938ac716700,676ca537da004748c7e24b3b36f74725,c8b7b9f7d8b142bcc78ffed4fe8dd834
149877,2.2406840821797323,5.805950578935214,175,8cb980d669fc5bfab2ad757dd8a4210c,676ca537da004748c7e24b3b36f74725,52eba2f3fae93139fe2cb55b384ba319
150740,2.2135447367642813,5.259702945820035,153,8cb980d669fc5bfab2ad757dd8a4210c,52eba2f3fae93139fe2cb55b384ba319,676ca537da004748c7e24b3b36f74725
153078,1.992444807970894,4.42464572789899,144,8cb980d669fc5bfab2ad757dd8a4210c,52eba2f3fae93139fe2cb55b384ba319,4d631bfc9292dbacea87ac8860283332
153925,2.2269616849448797,3.6407787424503497,140,8cb980d669fc5bfab2ad757dd8a4210c,4d631bfc9292dbacea87ac8860283332,52eba2f3fae93139fe2cb55b384ba319
154897,1.7508432168516217,2.491846584962566,151,4d631bfc9292dbacea87ac8860283332,8cb980d669fc5bfab2ad757dd8a4210c,837d614e2d894c7bd06abb22e3594100
155820,1.819323945846373,2.1662578198801437,169,4d631bfc9292dbacea87ac8860283332,837d614e2d894c7bd06abb22e3594100,8cb980d669fc5bfab2ad757dd8a4210c
158221,2.275783893973099,2.2430231172027533,171,4d631bfc9292dbacea87ac8860283332,52eba2f3fae93139fe2cb55b384ba319,8cb980d669fc5bfab2ad757dd8a4210c
159303,2.288484538681737,2.9648009750833464,165,52eba2f3fae93139fe2cb55b384ba319,8cb980d669fc5bfab2ad757dd8a4210c,4d631bfc9292dbacea87ac8860283332
160244,2.6967653721623432,3.252696266802645,165,52eba2f3fae93139fe2cb55b384ba319,837d614e2d894c7bd06abb22e3594100,8cb980d669fc5bfab2ad757dd8a4210c
161109,4.376035207117083,3.2459850397557877,166,52eba2f3fae93139fe2cb55b384ba319,837d614e2d894c7bd06abb22e3594100,b5de50f1597ac47be3c80938ac716700
163588,4.845272650133425,3.2427750806640794,169,52eba2f3fae93139fe2cb55b384ba319,837d614e2d894c7bd06abb22e3594100,b5de50f1597ac47be3c80938ac716700
164503,4.87583150177674,3.2620101019920718,168,52eba2f3fae93139fe2cb55b384ba319,837d614e2d894c7bd06abb22e3594100,b5de50f1597ac47be3c80938ac716700
165455,4.01286306364789,3.290491063837388,162,52eba2f3fae93139fe2cb55b384ba319,837d614e2d894c7bd06abb22e3594100,8cb980d669fc5bfab2ad757dd8a4210c
167474,2.56649324341017,2.8855577079166768,170,52eba2f3fae93139fe2cb55b384ba319,4d631bfc9292dbacea87ac8860283332,8cb980d669fc5bfab2ad757dd8a4210c
168916,2.2110389028073723,2.336293216120694,194,4d631bfc9292dbacea87ac8860283332,837d614e2d894c7bd06abb22e3594100,8cb980d669fc5bfab2ad757dd8a4210c
169783,2.0870996377992146,2.1447765299189516,197,4d631bfc9292dbacea87ac8860283332,837d614e2d894c7bd06abb22e3594100,8cb980d669fc5bfab2ad757dd8a4210c
170763,2.0870309372604794,2.1046078372928214,213,4d631bfc9292dbacea87ac8860283332,837d614e2d894c7bd06abb22e3594100,52eba2f3fae93139fe2cb55b384ba319
173284,2.382003759977775,2.2319475561045596,242,4d631bfc9292dbacea87ac8860283332,52eba2f3fae93139fe2cb55b384ba319,837d614e2d894c7bd06abb22e3594100
174170,2.6704825652730193,2.186892179496059,227,52eba2f3fae93139fe2cb55b384ba319,837d614e2d894c7bd06abb22e3594100,4d631bfc9292dbacea87ac8860283332
175242,3.4227703225710915,1.8408074912226426,284,52eba2f3fae93139fe2cb55b384ba319,837d614e2d894c7bd06abb22e3594100,4d631bfc9292dbacea87ac8860283332
176256,3.6636446564056504,1.643155548119656,320,837d614e2d894c7bd06abb22e3594100,52eba2f3fae93139fe2cb55b384ba319,4d631bfc9292dbacea87ac8860283332
178742,3.4713063898964966,1.7850541703763572,302,52eba2f3fae93139fe2cb55b384ba319,837d614e2d894c7bd06abb22e3594100,4d631bfc9292dbacea87ac8860283332
179783,3.5666496332611466,1.7691136322827277,270,52eba2f3fae93139fe2cb55b384ba319,837d614e2d894c7bd06abb22e3594100,4d631bfc9292dbacea87ac8860283332
180851,3.735244457906182,1.694137641738587,252,52eba2f3fae93139fe2cb55b384ba319,837d614e2d894c7bd06abb22e3594100,4d631bfc9292dbacea87ac8860283332
183339,3.7905331537470515,1.6695501447896701,288,837d614e2d894c7bd06abb22e3594100,52eba2f3fae93139fe2cb55b384ba319,4d631bfc9292dbacea87ac8860283332
184363,2.926001283077099,1.850025456091357,281,837d614e2d894c7bd06abb22e3594100,52eba2f3fae93139fe2cb55b384ba319,4d631bfc9292dbacea87ac8860283332
185301,2.3959871793194707,2.1124994951803755,295,4d631bfc9292dbacea87ac8860283332,837d614e2d894c7bd06abb22e3594100,52eba2f3fae93139fe2cb55b384ba319
186335,2.151587114352637,2.0667444843973057,310,4d631bfc9292dbacea87ac8860283332,837d614e2d894c7bd06abb22e3594100,8cb980d669fc5bfab2ad757dd8a4210c
188645,2.0663700809396617,2.0507906986107063,1,4d631bfc9292dbacea87ac8860283332,837d614e2d894c7bd06abb22e3594100,8cb980d669fc5bfab2ad757dd8a4210c
189621,1.9265397262736985,2.243760577239474,346,4d631bfc9292dbacea87ac8860283332,8cb980d669fc5bfab2ad757dd8a4210c,837d614e2d894c7bd06abb22e3594100
190477,1.9708137465206308,2.1709055068858807,335,4d631bfc9292dbacea87ac8860283332,8cb980d669fc5bfab2ad757dd8a4210c,837d614e2d894c7bd06abb22e3594100
192463,2.0460680481181335,2.3306370263789957,272,4d631bfc9292dbacea87ac8860283332,837d614e2d894c7bd06abb22e3594100,8cb980d669fc5bfab2ad757dd8a4210c
193881,2.3374135803936706,2.913328476894344,272,52eba2f3fae93139fe2cb55b384ba319,8cb980d669fc5bfab2ad757dd8a4210c,4d631bfc9292dbacea87ac8860283332
194821,2.5476780993556702,3.653812213164045,279,52eba2f3fae93139fe2cb55b384ba319,8cb980d669fc5bfab2ad757dd8a4210c,4d631bfc9292dbacea87ac8860283332
195745,2.5971399527915726,3.8790870497317975,291,52eba2f3fae93139fe2cb55b384ba319,8cb980d669fc5bfab2ad757dd8a4210c,4d631bfc9292dbacea87ac8860283332
197564,2.3244461645815253,4.633568389875304,309,8cb980d669fc5bfab2ad757dd8a4210c,52eba2f3fae93139fe2cb55b384ba319,676ca537da004748c7e24b3b36f74725
198815,2.159418777758874,5.043260538916609,324,8cb980d669fc5bfab2ad757dd8a4210c,52eba2f3fae93139fe2cb55b384ba319,676ca537da004748c7e24b3b36f74725
199605,2.1234861633711875,5.208526520517631,272,8cb980d669fc5bfab2ad757dd8a4210c,676ca537da004748c7e24b3b36f74725,52eba2f3fae93139fe2cb55b384ba319
202866,2.2001221429467037,5.48220514761244,134,676ca537da004748c7e24b3b36f74725,8cb980d669fc5bfab2ad757dd8a4210c,b5de50f1597ac47be3c80938ac716700
202978,2.353294037120944,5.698320997368233,128,676ca537da004748c7e24b3b36f74725,b5de50f1597ac47be3c80938ac716700,8cb980d669fc5bfab2ad757dd8a4210c
203886,2.4263921106793482,5.508328579138407,131,52eba2f3fae93139fe2cb55b384ba319,8cb980d669fc5bfab2ad757dd8a4210c,b5de50f1597ac47be3c80938ac716700
204912,2.766942684363836,5.220606047670078,147,52eba2f3fae93139fe2cb55b384ba319,b5de50f1597ac47be3c80938ac716700,8cb980d669fc5bfab2ad757dd8a4210c
205850,2.678069381122783,5.179157080234483,134,8cb980d669fc5bfab2ad757dd8a4210c,52eba2f3fae93139fe2cb55b384ba319,676ca537da004748c7e24b3b36f74725
208351,1.3768604819633339,4.3522418327925525,278,8cb980d669fc5bfab2ad757dd8a4210c,4d631bfc9292dbacea87ac8860283332,676ca537da004748c7e24b3b36f74725
209309,0.8481445523978468,4.026705914879651,351,8cb980d669fc5bfab2ad757dd8a4210c,4d631bfc9292dbacea87ac8860283332,676ca537da004748c7e24b3b36f74725
210253,0.6637927068209315,3.9131985588252576,357,8cb980d669fc5bfab2ad757dd8a4210c,4d631bfc9292dbacea87ac8860283332,676ca537da004748c7e24b3b36f74725
211229,0.5995131928756166,3.873620990976337,320,8cb980d669fc5bfab2ad757dd8a4210c,4d631bfc9292dbacea87ac8860283332,676ca537da004748c7e24b3b36f74725
213681,0.5771003122227778,3.8598211463558236,189,8cb980d669fc5bfab2ad757dd8a4210c,4d631bfc9292dbacea87ac8860283332,676ca537da004748c7e24b3b36f74725
214633,0.5692854239585987,3.8550094380599202,169,8cb980d669fc5bfab2ad757dd8a4210c,4d631bfc9292dbacea87ac8860283332,676ca537da004748c7e24b3b36f74725
215621,0.566560540909089,3.8533316991170885,157,8cb980d669fc5bfab2ad757dd8a4210c,4d631bfc9292dbacea87ac8860283332,676ca537da004748c7e24b3b36f74725
217442,0.5656104329379309,3.852746707719607,184,8cb980d669fc5bfab2ad757dd8a4210c,4d631bfc9292dbacea87ac8860283332,676ca537da004748c7e24b3b36f74725
219028,0.565279150772621,3.8525427338316613,190,8cb980d669fc5bfab2ad757dd8a4210c,4d631bfc9292dbacea87ac8860283332,676ca537da004748c7e24b3b36f74725
220041,0.5651636398239875,3.852471612534591,192,8cb980d669fc5bfab2ad757dd8a4210c,4d631bfc9292dbacea87ac8860283332,676ca537da004748c7e24b3b36f74725
221044,0.43760406889963027,3.022547255976583,253,8cb980d669fc5bfab2ad757dd8a4210c,4d631bfc9292dbacea87ac8860283332,837d614e2d894c7bd06abb22e3594100
223566,0.6075209535270363,2.691125831512901,225,4d631bfc9292dbacea87ac8860283332,8cb980d669fc5bfab2ad757dd8a4210c,837d614e2d894c7bd06abb22e3594100
224573,0.8129539418289617,2.1472701799646003,218,4d631bfc9292dbacea87ac8860283332,8cb980d669fc5bfab2ad757dd8a4210c,837d614e2d894c7bd06abb22e3594100
225561,1.419733647323251,2.097639125720761,218,4d631bfc9292dbacea87ac8860283332,8cb980d669fc5bfab2ad757dd8a4210c,837d614e2d894c7bd06abb22e3594100
943,1.7755,0.6225,171,4d631bfc9292dbacea87ac8860283332,837d614e2d894c7bd06abb22e3594100,8cb980d669fc5bfab2ad757dd8a4210c
2235,1.7755,0.6225,170,4d631bfc9292dbacea87ac8860283332,837d614e2d894c7bd06abb22e3594100,8cb980d669fc5bfab2ad757dd8a4210c
3171,1.3002054745667835,0.9864494626627942,168,4d631bfc9292dbacea87ac8860283332,837d614e2d894c7bd06abb22e3594100,8cb980d669fc5bfab2ad757dd8a4210c
4186,0.9809855210273928,1.2308872256603984,172,4d631bfc9292dbacea87ac8860283332,8cb980d669fc5bfab2ad757dd8a4210c,837d614e2d894c7bd06abb22e3594100
5097,0.8696804055784834,1.3161174035639365,163,4d631bfc9292dbacea87ac8860283332,8cb980d669fc5bfab2ad757dd8a4210c,837d614e2d894c7bd06abb22e3594100
5992,0.8308707115486071,1.345835329044788,149,4d631bfc9292dbacea87ac8860283332,8cb980d669fc5bfab2ad757dd8a4210c,837d614e2d894c7bd06abb22e3594100
6996,1.177668791453381,1.096502531332479,134,4d631bfc9292dbacea87ac8860283332,837d614e2d894c7bd06abb22e3594100,8cb980d669fc5bfab2ad757dd8a4210c
9505,1.7859413974365175,0.996502480345902,111,4d631bfc9292dbacea87ac8860283332,837d614e2d894c7bd06abb22e3594100,8cb980d669fc5bfab2ad757dd8a4210c
10658,2.426619528167267,0.7041223768976134,92,837d614e2d894c7bd06abb22e3594100,4d631bfc9292dbacea87ac8860283332,52eba2f3fae93139fe2cb55b384ba319
11583,3.2074611622417124,0.7776655488329012,102,837d614e2d894c7bd06abb22e3594100,52eba2f3fae93139fe2cb55b384ba319,4d631bfc9292dbacea87ac8860283332
13964,3.403962650080826,0.5449700887508391,64,837d614e2d894c7bd06abb22e3594100,52eba2f3fae93139fe2cb55b384ba319,4d631bfc9292dbacea87ac8860283332
14900,3.301666516150507,1.8581397606142853,25,52eba2f3fae93139fe2cb55b384ba319,837d614e2d894c7bd06abb22e3594100,4d631bfc9292dbacea87ac8860283332
15779,2.9078341776320595,3.3160320433491277,358,52eba2f3fae93139fe2cb55b384ba319,8cb980d669fc5bfab2ad757dd8a4210c,4d631bfc9292dbacea87ac8860283332
16736,2.7065786885098464,3.0447282626144396,358,52eba2f3fae93139fe2cb55b384ba319,4d631bfc9292dbacea87ac8860283332,8cb980d669fc5bfab2ad757dd8a4210c
19206,2.6048127200491518,2.605876995182143,339,52eba2f3fae93139fe2cb55b384ba319,4d631bfc9292dbacea87ac8860283332,8cb980d669fc5bfab2ad757dd8a4210c
20079,3.4188637137335296,2.9330062158344905,335,52eba2f3fae93139fe2cb55b384ba319,837d614e2d894c7bd06abb22e3594100,8cb980d669fc5bfab2ad757dd8a4210c
21150,2.839796460050836,3.270856755600172,331,52eba2f3fae93139fe2cb55b384ba319,8cb980d669fc5bfab2ad757dd8a4210c,4d631bfc9292dbacea87ac8860283332
22102,2.574435121208761,4.141836971707015,331,52eba2f3fae93139fe2cb55b384ba319,8cb980d669fc5bfab2ad757dd8a4210c,4d631bfc9292dbacea87ac8860283332
24555,2.5240540097751127,4.619129104198281,251,52eba2f3fae93139fe2cb55b384ba319,8cb980d669fc5bfab2ad757dd8a4210c,676ca537da004748c7e24b3b36f74725
25594,2.6125546322822055,4.624021537321725,257,52eba2f3fae93139fe2cb55b384ba319,8cb980d669fc5bfab2ad757dd8a4210c,b5de50f1597ac47be3c80938ac716700
26603,2.5668139357589705,4.929601913754716,231,52eba2f3fae93139fe2cb55b384ba319,8cb980d669fc5bfab2ad757dd8a4210c,b5de50f1597ac47be3c80938ac716700
28965,2.4580919834214257,5.1050226948577695,184,52eba2f3fae93139fe2cb55b384ba319,8cb980d669fc5bfab2ad757dd8a4210c,676ca537da004748c7e24b3b36f74725
30031,2.3812588322383546,5.0754015737063085,171,8cb980d669fc5bfab2ad757dd8a4210c,52eba2f3fae93139fe2cb55b384ba319,676ca537da004748c7e24b3b36f74725
30943,2.2503661343355943,5.1659638262990875,158,8cb980d669fc5bfab2ad757dd8a4210c,52eba2f3fae93139fe2cb55b384ba319,676ca537da004748c7e24b3b36f74725
31945,2.1314782259326983,4.379700136414461,171,8cb980d669fc5bfab2ad757dd8a4210c,52eba2f3fae93139fe2cb55b384ba319,4d631bfc9292dbacea87ac8860283332
34396,2.3063683048085677,3.200217530002967,178,52eba2f3fae93139fe2cb55b384ba319,8cb980d669fc5bfab2ad757dd8a4210c,4d631bfc9292dbacea87ac8860283332
35353,2.4264261101816063,2.7730497633456763,168,52eba2f3fae93139fe2cb55b384ba319,4d631bfc9292dbacea87ac8860283332,8cb980d669fc5bfab2ad757dd8a4210c
36480,2.468368161867488,2.4631288766538733,199,4d631bfc9292dbacea87ac8860283332,837d614e2d894c7bd06abb22e3594100,8cb980d669fc5bfab2ad757dd8a4210c
39011,1.6650992987223012,2.26502989492897,224,4d631bfc9292dbacea87ac8860283332,8cb980d669fc5bfab2ad757dd8a4210c,837d614e2d894c7bd06abb22e3594100
40111,1.7398898657575395,2.0430522975797256,218,4d631bfc9292dbacea87ac8860283332,8cb980d669fc5bfab2ad757dd8a4210c,837d614e2d894c7bd06abb22e3594100
41085,1.7476054152707818,1.9671019212675636,220,4d631bfc9292dbacea87ac8860283332,8cb980d669fc5bfab2ad757dd8a4210c,837d614e2d894c7bd06abb22e3594100
41994,1.7376159674472547,1.9165380747047316,227,4d631bfc9292dbacea87ac8860283332,837d614e2d894c7bd06abb22e3594100,8cb980d669fc5bfab2ad757dd8a4210c
44435,1.9220272671902867,1.9984169619860774,224,4d631bfc9292dbacea87ac8860283332,837d614e2d894c7bd06abb22e3594100,8cb980d669fc5bfab2ad757dd8a4210c
45470,1.796958334438167,1.931518266763795,224,4d631bfc9292dbacea87ac8860283332,8cb980d669fc5bfab2ad757dd8a4210c,837d614e2d894c7bd06abb22e3594100
46528,1.3975082487115615,1.7288368105044887,286,4d631bfc9292dbacea87ac8860283332,8cb980d669fc5bfab2ad757dd8a4210c,837d614e2d894c7bd06abb22e3594100
48937,1.0797023556387204,1.8049841576332213,54,4d631bfc9292dbacea87ac8860283332,8cb980d669fc5bfab2ad757dd8a4210c,837d614e2d894c7bd06abb22e3594100
50050,1.4523859388047275,1.6002921435128337,71,4d631bfc9292dbacea87ac8860283332,837d614e2d894c7bd06abb22e3594100,8cb980d669fc5bfab2ad757dd8a4210c
51109,2.0667875672950875,1.685809591633285,33,4d631bfc9292dbacea87ac8860283332,837d614e2d894c7bd06abb22e3594100,52eba2f3fae93139fe2cb55b384ba319
52017,2.4026211047188455,1.6347120703430988,12,837d614e2d894c7bd06abb22e3594100,4d631bfc9292dbacea87ac8860283332,52eba2f3fae93139fe2cb55b384ba319
54516,2.592619568501938,1.5584778754414397,346,837d614e2d894c7bd06abb22e3594100,4d631bfc9292dbacea87ac8860283332,52eba2f3fae93139fe2cb55b384ba319
55466,2.6588679364752235,1.5318966552808497,339,837d614e2d894c7bd06abb22e3594100,4d631bfc9292dbacea87ac8860283332,52eba2f3fae93139fe2cb55b384ba319
56457,2.6819673140793197,1.5226283568993007,337,837d614e2d894c7bd06abb22e3594100,4d631bfc9292dbacea87ac8860283332,52eba2f3fae93139fe2cb55b384ba319
58828,2.6900215690295965,1.5193967010772407,5,837d614e2d894c7bd06abb22e3594100,4d631bfc9292dbacea87ac8860283332,52eba2f3fae93139fe2cb55b384ba319
59779,2.910601761830021,1.6165702524495982,352,52eba2f3fae93139fe2cb55b384ba319,837d614e2d894c7bd06abb22e3594100,4d631bfc9292dbacea87ac8860283332
60709,2.559935054630743,2.7400360424098893,340,52eba2f3fae93139fe2cb55b384ba319,8cb980d669fc5bfab2ad757dd8a4210c,4d631bfc9292dbacea87ac8860283332
61740,2.368488816339356,3.2102667334590587,345,52eba2f3fae93139fe2cb55b384ba319,8cb980d669fc5bfab2ad757dd8a4210c,4d631bfc9292dbacea87ac8860283332
64320,2.3442611462529657,3.1929139678888006,263,52eba2f3fae93139fe2cb55b384ba319,8cb980d669fc5bfab2ad757dd8a4210c,4d631bfc9292dbacea87ac8860283332
65269,2.4449819877765475,2.8685825206290687,265,52eba2f3fae93139fe2cb55b384ba319,837d614e2d894c7bd06abb22e3594100,4d631bfc9292dbacea87ac8860283332
66174,3.2482618596297965,2.2777507146822544,297,52eba2f3fae93139fe2cb55b384ba319,837d614e2d894c7bd06abb22e3594100,4d631bfc9292dbacea87ac8860283332
67116,3.2087291344061,3.086854326819596,320,52eba2f3fae93139fe2cb55b384ba319,8cb980d669fc5bfab2ad757dd8a4210c,837d614e2d894c7bd06abb22e3594100
70062,3.4290343755786523,4.532464723073241,313,52eba2f3fae93139fe2cb55b384ba319,b5de50f1597ac47be3c80938ac716700,8cb980d669fc5bfab2ad757dd8a4210c
70379,2.841467027321509,5.3742504505887725,310,52eba2f3fae93139fe2cb55b384ba319,b5de50f1597ac47be3c80938ac716700,8cb980d669fc5bfab2ad757dd8a4210c
71432,2.5037269421170802,5.622492737376701,299,676ca537da004748c7e24b3b36f74725,8cb980d669fc5bfab2ad757dd8a4210c,b5de50f1597ac47be3c80938ac716700
73849,2.354875187424849,5.695885947151589,273,676ca537da004748c7e24b3b36f74725,b5de50f1597ac47be3c80938ac716700,8cb980d669fc5bfab2ad757dd8a4210c
74720,2.272969409086816,5.903557363208168,213,676ca537da004748c7e24b3b36f74725,b5de50f1597ac47be3c80938ac716700,8cb980d669fc5bfab2ad757dd8a4210c
75669,2.2929789297774117,5.914499998595465,146,676ca537da004748c7e24b3b36f74725,b5de50f1597ac47be3c80938ac716700,8cb980d669fc5bfab2ad757dd8a4210c
76536,2.290256338368272,5.808146359231274,120,676ca537da004748c7e24b3b36f74725,8cb980d669fc5bfab2ad757dd8a4210c,b5de50f1597ac47be3c80938ac716700
78940,2.243065548915192,5.583446861923749,85,8cb980d669fc5bfab2ad757dd8a4210c,52eba2f3fae93139fe2cb55b384ba319,676ca537da004748c7e24b3b36f74725
79853,1.777221724017311,4.6810281510984,142,8cb980d669fc5bfab2ad757dd8a4210c,4d631bfc9292dbacea87ac8860283332,52eba2f3fae93139fe2cb55b384ba319
80845,1.0857323178798972,3.9398831309947404,145,8cb980d669fc5bfab2ad757dd8a4210c,4d631bfc9292dbacea87ac8860283332,676ca537da004748c7e24b3b36f74725
81840,0.7466344382760575,3.882925325975128,193,8cb980d669fc5bfab2ad757dd8a4210c,4d631bfc9292dbacea87ac8860283332,676ca537da004748c7e24b3b36f74725
84169,0.628398318574573,3.8630653673693693,202,8cb980d669fc5bfab2ad757dd8a4210c,4d631bfc9292dbacea87ac8860283332,676ca537da004748c7e24b3b36f74725
85057,0.8760190553910019,3.229264888370687,197,8cb980d669fc5bfab2ad757dd8a4210c,4d631bfc9292dbacea87ac8860283332,837d614e2d894c7bd06abb22e3594100
86031,1.0763965774665767,2.181333078171426,202,4d631bfc9292dbacea87ac8860283332,8cb980d669fc5bfab2ad757dd8a4210c,837d614e2d894c7bd06abb22e3594100
87058,0.880444202926806,2.0282026245881157,178,4d631bfc9292dbacea87ac8860283332,8cb980d669fc5bfab2ad757dd8a4210c,837d614e2d894c7bd06abb22e3594100
89471,0.9753814755539756,1.7833735397183395,112,4d631bfc9292dbacea87ac8860283332,837d614e2d894c7bd06abb22e3594100,8cb980d669fc5bfab2ad757dd8a4210c
90381,2.0096963561914793,1.5272338672747225,98,837d614e2d894c7bd06abb22e3594100,4d631bfc9292dbacea87ac8860283332,52eba2f3fae93139fe2cb55b384ba319
91298,2.3954461589962714,1.0229615225867903,88,837d614e2d894c7bd06abb22e3594100,4d631bfc9292dbacea87ac8860283332,52eba2f3fae93139fe2cb55b384ba319
93834,3.1208305254114093,0.5970828605711904,76,837d614e2d894c7bd06abb22e3594100,4d631bfc9292dbacea87ac8860283332,52eba2f3fae93139fe2cb55b384ba319
94902,3.327627902222464,0.4781398468147928,71,837d614e2d894c7bd06abb22e3594100,4d631bfc9292dbacea87ac8860283332,52eba2f3fae93139fe2cb55b384ba319
95847,2.636677755553502,1.4075734375780122,63,837d614e2d894c7bd06abb22e3594100,4d631bfc9292dbacea87ac8860283332,52eba2f3fae93139fe2cb55b384ba319
96680,2.337935895022662,1.8823674556216705,32,4d631bfc9292dbacea87ac8860283332,837d614e2d894c7bd06abb22e3594100,52eba2f3fae93139fe2cb55b384ba319
99025,2.1767524270774086,1.9890763287007382,326,4d631bfc9292dbacea87ac8860283332,837d614e2d894c7bd06abb22e3594100,52eba2f3fae93139fe2cb55b384ba319
99933,2.30299460114978,2.4412425490767773,338,52eba2f3fae93139fe2cb55b384ba319,8cb980d669fc5bfab2ad757dd8a4210c,4d631bfc9292dbacea87ac8860283332
101024,2.2902486959579282,3.4001259217916395,313,52eba2f3fae93139fe2cb55b384ba319,8cb980d669fc5bfab2ad757dd8a4210c,4d631bfc9292dbacea87ac8860283332
102009,2.485182076599181,5.158781932621713,321,52eba2f3fae93139fe2cb55b384ba319,8cb980d669fc5bfab2ad757dd8a4210c,b5de50f1597ac47be3c80938ac716700
104366,2.3868777419988834,5.363157770418565,356,8cb980d669fc5bfab2ad757dd8a4210c,52eba2f3fae93139fe2cb55b384ba319,676ca537da004748c7e24b3b36f74725
105311,2.202796200209156,5.320067788190041,359,8cb980d669fc5bfab2ad757dd8a4210c,676ca537da004748c7e24b3b36f74725,52eba2f3fae93139fe2cb55b384ba319
106307,2.1547464947530064,5.280509606469314,5,8cb980d669fc5bfab2ad757dd8a4210c,52eba2f3fae93139fe2cb55b384ba319,676ca537da004748c7e24b3b36f74725
108788,2.1605851373828475,4.944916854795955,346,8cb980d669fc5bfab2ad757dd8a4210c,52eba2f3fae93139fe2cb55b384ba319,676ca537da004748c7e24b3b36f74725
109665,2.365009866203643,5.874664608560548,326,b5de50f1597ac47be3c80938ac716700,676ca537da004748c7e24b3b36f74725,c8b7b9f7d8b142bcc78ffed4fe8dd834
110642,2.487669000580329,7.420686225065403,304,c8b7b9f7d8b142bcc78ffed4fe8dd834,b5de50f1597ac47be3c80938ac716700,685d619a40803946c685f1422abc5629
111643,2.6865578485367108,8.019037239002529,313,c8b7b9f7d8b142bcc78ffed4fe8dd834,b5de50f1597ac47be3c80938ac716700,685d619a40803946c685f1422abc5629
114059,2.6261453446961327,8.17211810805582,258,c8b7b9f7d8b142bcc78ffed4fe8dd834,b5de50f1597ac47be3c80938ac716700,685d619a40803946c685f1422abc5629
115035,2.5787213118758574,8.221758727471702,229,c8b7b9f7d8b142bcc78ffed4fe8dd834,685d619a40803946c685f1422abc5629,b5de50f1597ac47be3c80938ac716700
116024,2.742194965824412,8.293157091215226,3,c8b7b9f7d8b142bcc78ffed4fe8dd834,b5de50f1597ac47be3c80938ac716700,685d619a40803946c685f1422abc5629
116997,3.450372190033023,8.51515542624578,355,c8b7b9f7d8b142bcc78ffed4fe8dd834,b5de50f1597ac47be3c80938ac716700,685d619a40803946c685f1422abc5629
119397,3.67192676065467,8.59256145940903,33,c8b7b9f7d8b142bcc78ffed4fe8dd834,b5de50f1597ac47be3c80938ac716700,685d619a40803946c685f1422abc5629
120362,3.361392153519199,8.877123597535288,62,c8b7b9f7d8b142bcc78ffed4fe8dd834,b5de50f1597ac47be3c80938ac716700,685d619a40803946c685f1422abc5629
121449,3.159965745416283,9.027673419167707,127,c8b7b9f7d8b142bcc78ffed4fe8dd834,b5de50f1597ac47be3c80938ac716700,685d619a40803946c685f1422abc5629
123784,2.881473895698208,8.878178454942534,203,c8b7b9f7d8b142bcc78ffed4fe8dd834,685d619a40803946c685f1422abc5629,b5de50f1597ac47be3c80938ac716700
124681,2.4431396908121465,8.541568189473614,223,c8b7b9f7d8b142bcc78ffed4fe8dd834,685d619a40803946c685f1422abc5629,b5de50f1597ac47be3c80938ac716700
125656,2.3718938437223978,7.677083466231081,250,b5de50f1597ac47be3c80938ac716700,c8b7b9f7d8b142bcc78ffed4fe8dd834,676ca537da004748c7e24b3b36f74725
126661,2.3666660321036033,7.210749739708672,267,b5de50f1597ac47be3c80938ac716700,676ca537da004748c7e24b3b36f74725,c8b7b9f7d8b142bcc78ffed4fe8dd834
128990,2.366822485344244,7.006298658846834,275,b5de50f1597ac47be3c80938ac716700,676ca537da004748c7e24b3b36f74725,c8b7b9f7d8b142bcc78ffed4fe8dd834
129956,2.371497355386037,6.8988966071413,286,b5de50f1597ac47be3c80938ac716700,676ca537da004748c7e24b3b36f74725,c8b7b9f7d8b142bcc78ffed4fe8dd834
130955,2.2530019926132114,6.77594754218112,277,676ca537da004748c7e24b3b36f74725,685d619a40803946c685f1422abc5629,b5de50f1597ac47be3c80938ac716700
131840,1.434397826334766,7.0451109065301685,260,676ca537da004748c7e24b3b36f74725,685d619a40803946c685f1422abc5629,c8b7b9f7d8b142bcc78ffed4fe8dd834
134416,0.8357600568316619,7.801763174242227,235,676ca537da004748c7e24b3b36f74725,685d619a40803946c685f1422abc5629,c8b7b9f7d8b142bcc78ffed4fe8dd834
135218,0.6430686830556646,7.829166805694113,233,676ca537da004748c7e24b3b36f74725,685d619a40803946c685f1422abc5629,c8b7b9f7d8b142bcc78ffed4fe8dd834
138313,0.5717138682533945,7.371999040906867,180,676ca537da004748c7e24b3b36f74725,685d619a40803946c685f1422abc5629,c8b7b9f7d8b142bcc78ffed4fe8dd834
138754,0.5468339827345146,7.212594497816847,159,676ca537da004748c7e24b3b36f74725,685d619a40803946c685f1422abc5629,c8b7b9f7d8b142bcc78ffed4fe8dd834
139898,0.538678114241187,7.163993065561847,78,676ca537da004748c7e24b3b36f74725,685d619a40803946c685f1422abc5629,c8b7b9f7d8b142bcc78ffed4fe8dd834
140857,1.2408482958355183,7.685445987819513,40,676ca537da004748c7e24b3b36f74725,685d619a40803946c685f1422abc5629,c8b7b9f7d8b142bcc78ffed4fe8dd834
141723,1.3927273248185486,7.885434884362725,35,676ca537da004748c7e24b3b36f74725,685d619a40803946c685f1422abc5629,c8b7b9f7d8b142bcc78ffed4fe8dd834
144166,2.0359851549971024,7.094454130190784,62,b5de50f1597ac47be3c80938ac716700,676ca537da004748c7e24b3b36f74725,c8b7b9f7d8b142bcc78ffed4fe8dd834
145080,2.5220229915168817,7.643772158250129,69,c8b7b9f7d8b142bcc78ffed4fe8dd834,685d619a40803946c685f1422abc5629,b5de50f1597ac47be3c80938ac716700
146069,1.9184823085639984,8.52222340409089,94,685d619a40803946c685f1422abc5629,c8b7b9f7d8b142bcc78ffed4fe8dd834,676ca537da004748c7e24b3b36f74725
147055,1.4413646047815227,8.90392679239649,93,685d619a40803946c685f1422abc5629,c8b7b9f7d8b142bcc78ffed4fe8dd834,676ca537da004748c7e24b3b36f74725
149509,1.28489944839097,9.02925487232927,123,685d619a40803946c685f1422abc5629,c8b7b9f7d8b142bcc78ffed4fe8dd834,676ca537da004748c7e24b3b36f74725
150505,2.015085731515481,8.852252957730236,86,c8b7b9f7d8b142bcc78ffed4fe8dd834,685d619a40803946c685f1422abc5629,b5de50f1597ac47be3c80938ac716700
151604,2.4008824476937867,8.26789151360992,103,c8b7b9f7d8b142bcc78ffed4fe8dd834,676ca537da004748c7e24b3b36f74725,b5de50f1597ac47be3c80938ac716700
154046,2.181220962360482,6.995245111111652,59,b5de50f1597ac47be3c80938ac716700,676ca537da004748c7e24b3b36f74725,c8b7b9f7d8b142bcc78ffed4fe8dd834
155056,2.738898838614172,7.839024182894941,340,c8b7b9f7d8b142bcc78ffed4fe8dd834,b5de50f1597ac47be3c80938ac716700,685d619a40803946c685f1422abc5629
156179,2.9429157474025205,8.665710534602187,4,c8b7b9f7d8b142bcc78ffed4fe8dd834,b5de50f1597ac47be3c80938ac716700,685d619a40803946c685f1422abc5629
157156,3.0140520449128667,8.953958242167433,18,c8b7b9f7d8b142bcc78ffed4fe8dd834,b5de50f1597ac47be3c80938ac716700,685d619a40803946c685f1422abc5629
159645,3.095251012604304,9.009028971581095,95,c8b7b9f7d8b142bcc78ffed4fe8dd834,b5de50f1597ac47be3c80938ac716700,685d619a40803946c685f1422abc5629
160691,2.7865506127365083,7.927155631485048,121,c8b7b9f7d8b142bcc78ffed4fe8dd834,b5de50f1597ac47be3c80938ac716700,685d619a40803946c685f1422abc5629
161637,2.218890908117165,7.38206095009711,178,676ca537da004748c7e24b3b36f74725,685d619a40803946c685f1422abc5629,c8b7b9f7d8b142bcc78ffed4fe8dd834
163949,1.9491209172828656,7.398775902042709,214,676ca537da004748c7e24b3b36f74725,685d619a40803946c685f1422abc5629,c8b7b9f7d8b142bcc78ffed4fe8dd834
165013,2.0089931441289504,7.596140884173416,255,685d619a40803946c685f1422abc5629,c8b7b9f7d8b142bcc78ffed4fe8dd834,676ca537da004748c7e24b3b36f74725
165898,2.2834851916558474,7.8250978519727825,207,b5de50f1597ac47be3c80938ac716700,c8b7b9f7d8b142bcc78ffed4fe8dd834,676ca537da004748c7e24b3b36f74725
166798,2.6459331500889096,6.906232416481103,220,b5de50f1597ac47be3c80938ac716700,c8b7b9f7d8b142bcc78ffed4fe8dd834,676ca537da004748c7e24b3b36f74725
169197,2.4694240247121693,7.145468948308429,200,b5de50f1597ac47be3c80938ac716700,c8b7b9f7d8b142bcc78ffed4fe8dd834,676ca537da004748c7e24b3b36f74725
170184,2.1863778655078123,7.147149658027697,200,676ca537da004748c7e24b3b36f74725,b5de50f1597ac47be3c80938ac716700,685d619a40803946c685f1422abc5629
171200,2.043999701917704,6.665642093534597,201,676ca537da004748c7e24b3b36f74725,b5de50f1597ac47be3c80938ac716700,685d619a40803946c685f1422abc5629
172054,1.9319679299650296,6.812760159371492,202,676ca537da004748c7e24b3b36f74725,685d619a40803946c685f1422abc5629,c8b7b9f7d8b142bcc78ffed4fe8dd834
174368,1.814057672966275,7.302449657164619,200,676ca537da004748c7e24b3b36f74725,685d619a40803946c685f1422abc5629,c8b7b9f7d8b142bcc78ffed4fe8dd834
175330,1.8534340983050015,7.239658883745602,199,676ca537da004748c7e24b3b36f74725,685d619a40803946c685f1422abc5629,c8b7b9f7d8b142bcc78ffed4fe8dd834
176234,1.8935332974336383,7.154565625335182,200,676ca537da004748c7e24b3b36f74725,685d619a40803946c685f1422abc5629,c8b7b9f7d8b142bcc78ffed4fe8dd834
178775,2.2541897717946533,7.737362279141423,199,c8b7b9f7d8b142bcc78ffed4fe8dd834,685d619a40803946c685f1422abc5629,b5de50f1597ac47be3c80938ac716700
179767,2.4490284229300676,8.070168743221444,201,c8b7b9f7d8b142bcc78ffed4fe8dd834,685d619a40803946c685f1422abc5629,b5de50f1597ac47be3c80938ac716700
180757,2.516964459879152,8.186211181972062,200,c8b7b9f7d8b142bcc78ffed4fe8dd834,685d619a40803946c685f1422abc5629,b5de50f1597ac47be3c80938ac716700
181599,3.0171582304358013,8.370619772917696,201,c8b7b9f7d8b142bcc78ffed4fe8dd834,b5de50f1597ac47be3c80938ac716700,685d619a40803946c685f1422abc5629
183768,3.546579599740232,8.54216499326776,200,c8b7b9f7d8b142bcc78ffed4fe8dd834,b5de50f1597ac47be3c80938ac716700,685d619a40803946c685f1422abc5629
184841,3.17465540502824,8.43761446569781,199,c8b7b9f7d8b142bcc78ffed4fe8dd834,b5de50f1597ac47be3c80938ac716700,685d619a40803946c685f1422abc5629
185763,2.571428975400218,8.47780615337077,200,c8b7b9f7d8b142bcc78ffed4fe8dd834,685d619a40803946c685f1422abc5629,b5de50f1597ac47be3c80938ac716700
186744,2.37501456520976,8.498674369597078,200,c8b7b9f7d8b142bcc78ffed4fe8dd834,685d619a40803946c685f1422abc5629,b5de50f1597ac47be3c80938ac716700
189093,2.4782095007752556,8.340406957073093,199,c8b7b9f7d8b142bcc78ffed4fe8dd834,685d619a40803946c685f1422abc5629,b5de50f1597ac47be3c80938ac716700
190035,2.5209949867275503,8.280437420833264,201,c8b7b9f7d8b142bcc78ffed4fe8dd834,685d619a40803946c685f1422abc5629,b5de50f1597ac47be3c80938ac716700
191096,2.1975252809313166,7.6305796895941205,198,676ca537da004748c7e24b3b36f74725,685d619a40803946c685f1422abc5629,c8b7b9f7d8b142bcc78ffed4fe8dd834
192000,2.0135104742439456,7.278651313307394,201,676ca537da004748c7e24b3b36f74725,685d619a40803946c685f1422abc5629,c8b7b9f7d8b142bcc78ffed4fe8dd834
194558,1.9493484784928905,7.155941476036811,202,676ca537da004748c7e24b3b36f74725,685d619a40803946c685f1422abc5629,c8b7b9f7d8b142bcc78ffed4fe8dd834
195474,1.9283073043341217,7.11315520139238,200,676ca537da004748c7e24b3b36f74725,685d619a40803946c685f1422abc5629,b5de50f1597ac47be3c80938ac716700
196532,2.037728127483442,6.400093350075546,201,676ca537da004748c7e24b3b36f74725,b5de50f1597ac47be3c80938ac716700,685d619a40803946c685f1422abc5629
198980,1.9960787292932403,6.624143917679628,198,676ca537da004748c7e24b3b36f74725,b5de50f1597ac47be3c80938ac716700,685d619a40803946c685f1422abc5629
199963,1.8820625402425872,7.11374723465503,202,676ca537da004748c7e24b3b36f74725,685d619a40803946c685f1422abc5629,c8b7b9f7d8b142bcc78ffed4fe8dd834
200826,1.8804862224641548,7.155485954699072,201,676ca537da004748c7e24b3b36f74725,685d619a40803946c685f1422abc5629,c8b7b9f7d8b142bcc78ffed4fe8dd834
201758,1.5955552694491473,8.020843990603503,205,685d619a40803946c685f1422abc5629,676ca537da004748c7e24b3b36f74725,c8b7b9f7d8b142bcc78ffed4fe8dd834
204304,1.6036364272222643,7.916343655583638,202,676ca537da004748c7e24b3b36f74725,685d619a40803946c685f1422abc5629,c8b7b9f7d8b142bcc78ffed4fe8dd834
207582,1.6990964420683765,7.687245429143974,203,676ca537da004748c7e24b3b36f74725,685d619a40803946c685f1422abc5629,c8b7b9f7d8b142bcc78ffed4fe8dd834
207683,1.7323812911368415,7.607363816919314,203,676ca537da004748c7e24b3b36f74725,685d619a40803946c685f1422abc5629,c8b7b9f7d8b142bcc78ffed4fe8dd834
207788,1.7432966670988863,7.581167578862386,204,676ca537da004748c7e24b3b36f74725,685d619a40803946c685f1422abc5629,c8b7b9f7d8b142bcc78ffed4fe8dd834
209533,1.6212040693473075,7.913727507079404,203,685d619a40803946c685f1422abc5629,676ca537da004748c7e24b3b36f74725,c8b7b9f7d8b142bcc78ffed4fe8dd834
210357,1.9315703696100477,7.783249951737144,201,685d619a40803946c685f1422abc5629,676ca537da004748c7e24b3b36f74725,c8b7b9f7d8b142bcc78ffed4fe8dd834
211349,2.1075652694235707,7.639473299594792,202,676ca537da004748c7e24b3b36f74725,b5de50f1597ac47be3c80938ac716700,c8b7b9f7d8b142bcc78ffed4fe8dd834
212194,2.3536095984161274,6.514853671551906,203,676ca537da004748c7e24b3b36f74725,b5de50f1597ac47be3c80938ac716700,c8b7b9f7d8b142bcc78ffed4fe8dd834
214523,2.0004409891432524,7.0342992834321,198,676ca537da004748c7e24b3b36f74725,685d619a40803946c685f1422abc5629,c8b7b9f7d8b142bcc78ffed4fe8dd834
215558,1.8739524801776848,7.404374323363191,202,685d619a40803946c685f1422abc5629,676ca537da004748c7e24b3b36f74725,c8b7b9f7d8b142bcc78ffed4fe8dd834
216538,2.0133584178900894,8.018331142026906,199,685d619a40803946c685f1422abc5629,c8b7b9f7d8b142bcc78ffed4fe8dd834,676ca537da004748c7e24b3b36f74725
218770,1.8662795733754192,7.780072762865267,201,676ca537da004748c7e24b3b36f74725,685d619a40803946c685f1422abc5629,c8b7b9f7d8b142bcc78ffed4fe8dd834
219686,1.7906744445720146,7.639730706839897,200,676ca537da004748c7e24b3b36f74725,685d619a40803946c685f1422abc5629,c8b7b9f7d8b142bcc78ffed4fe8dd834
220652,1.7643125661972838,7.590796457664544,203,676ca537da004748c7e24b3b36f74725,685d619a40803946c685f1422abc5629,c8b7b9f7d8b142bcc78ffed4fe8dd834
221604,1.7551207475674768,7.5737341399946185,202,676ca537da004748c7e24b3b36f74725,685d619a40803946c685f1422abc5629,c8b7b9f7d8b142bcc78ffed4fe8dd834
224044,1.7519157585859535,7.567784877684977,195,676ca537da004748c7e24b3b36f74725,685d619a40803946c685f1422abc5629,c8b7b9f7d8b142bcc78ffed4fe8dd834
224941,1.7507982480273383,7.565710498183107,204,676ca537da004748c7e24b3b36f74725,685d619a40803946c685f1422abc5629,c8b7b9f7d8b142bcc78ffed4fe8dd834
225874,1.7504317735432946,7.565030229749132,202,676ca537da004748c7e24b3b36f74725,685d619a40803946c685f1422abc5629,c8b7b9f7d8b142bcc78ffed4fe8dd834
226852,1.9918116341486543,7.361528406787201,201,676ca537da004748c7e24b3b36f74725,b5de50f1597ac47be3c80938ac716700,c8b7b9f7d8b142bcc78ffed4fe8dd834
229204,2.0517212582122504,6.779356406496501,202,676ca537da004748c7e24b3b36f74725,685d619a40803946c685f1422abc5629,b5de50f1597ac47be3c80938ac716700
230042,1.7603222501593665,7.247306605779831,205,676ca537da004748c7e24b3b36f74725,685d619a40803946c685f1422abc5629,c8b7b9f7d8b142bcc78ffed4fe8dd834
231009,1.387144663192617,7.707865830192645,204,685d619a40803946c685f1422abc5629,676ca537da004748c7e24b3b36f74725,c8b7b9f7d8b142bcc78ffed4fe8dd834
232023,1.3997818384042493,8.419413468478297,202,685d619a40803946c685f1422abc5629,c8b7b9f7d8b142bcc78ffed4fe8dd834,676ca537da004748c7e24b3b36f74725
234461,1.596235379344764,8.440948014342991,201,685d619a40803946c685f1422abc5629,676ca537da004748c7e24b3b36f74725,c8b7b9f7d8b142bcc78ffed4fe8dd834
235407,1.7548923032326211,7.487391746709181,203,676ca537da004748c7e24b3b36f74725,685d619a40803946c685f1422abc5629,c8b7b9f7d8b142bcc78ffed4fe8dd834
236379,1.8991965445715762,6.724326646585332,204,676ca537da004748c7e24b3b36f74725,b5de50f1597ac47be3c80938ac716700,685d619a40803946c685f1422abc5629
238867,1.8394626662037306,7.0654187483571675,202,676ca537da004748c7e24b3b36f74725,685d619a40803946c685f1422abc5629,c8b7b9f7d8b142bcc78ffed4fe8dd834
239751,1.8387091956713826,7.073125566587347,202,676ca537da004748c7e24b3b36f74725,685d619a40803946c685f1422abc5629,c8b7b9f7d8b142bcc78ffed4fe8dd834
240807,1.8620898548990086,7.25312849182184,202,676ca537da004748c7e24b3b36f74725,b5de50f1597ac47be3c80938ac716700,685d619a40803946c685f1422abc5629
241787,2.355273198174738,6.199764338938185,245,b5de50f1597ac47be3c80938ac716700,676ca537da004748c7e24b3b36f74725,c8b7b9f7d8b142bcc78ffed4fe8dd834
244250,2.37756816685493,6.096588765304683,221,676ca537da004748c7e24b3b36f74725,b5de50f1597ac47be3c80938ac716700,8cb980d669fc5bfab2ad757dd8a4210c
245240,2.142281845137301,6.214310265558937,201,676ca537da004748c7e24b3b36f74725,b5de50f1597ac47be3c80938ac716700,685d619a40803946c685f1422abc5629
246168,2.5326098128491936,7.339610627143128,196,b5de50f1597ac47be3c80938ac716700,c8b7b9f7d8b142bcc78ffed4fe8dd834,685d619a40803946c685f1422abc5629
248794,4.138596537251499,7.615711922698411,199,b5de50f1597ac47be3c80938ac716700,c8b7b9f7d8b142bcc78ffed4fe8dd834,685d619a40803946c685f1422abc5629
249783,4.8502156646842955,7.598997943972562,200,b5de50f1597ac47be3c80938ac716700,c8b7b9f7d8b142bcc78ffed4fe8dd834,52eba2f3fae93139fe2cb55b384ba319
250819,5.098341911982884,7.5931701399425675,204,b5de50f1597ac47be3c80938ac716700,c8b7b9f7d8b142bcc78ffed4fe8dd834,52eba2f3fae93139fe2cb55b384ba319
251716,4.808222383889231,7.875805032239764,200,b5de50f1597ac47be3c80938ac716700,c8b7b9f7d8b142bcc78ffed4fe8dd834,685d619a40803946c685f1422abc5629
254130,4.979071127353398,7.766227550059932,202,b5de50f1597ac47be3c80938ac716700,c8b7b9f7d8b142bcc78ffed4fe8dd834,685d619a40803946c685f1422abc5629
255119,5.1432710337047105,7.65147949813165,202,b5de50f1597ac47be3c80938ac716700,c8b7b9f7d8b142bcc78ffed4fe8dd834,52eba2f3fae93139fe2cb55b384ba319
255956,5.000696254932194,7.76019858672701,202,b5de50f1597ac47be3c80938ac716700,c8b7b9f7d8b142bcc78ffed4fe8dd834,685d619a40803946c685f1422abc5629
256885,4.239351757674069,8.328516986663614,201,b5de50f1597ac47be3c80938ac716700,c8b7b9f7d8b142bcc78ffed4fe8dd834,685d619a40803946c685f1422abc5629
259369,3.9727321323179874,8.527484659432822,201,b5de50f1597ac47be3c80938ac716700,c8b7b9f7d8b142bcc78ffed4fe8dd834,685d619a40803946c685f1422abc5629
260376,3.879767617248783,8.596860397204319,200,b5de50f1597ac47be3c80938ac716700,c8b7b9f7d8b142bcc78ffed4fe8dd834,685d619a40803946c685f1422abc5629
261301,3.8473528951498,8.621050221231268,202,b5de50f1597ac47be3c80938ac716700,c8b7b9f7d8b142bcc78ffed4fe8dd834,685d619a40803946c685f1422abc5629
263127,3.5472366637453847,8.542237249672612,200,c8b7b9f7d8b142bcc78ffed4fe8dd834,b5de50f1597ac47be3c80938ac716700,685d619a40803946c685f1422abc5629
264525,3.287485187858269,8.46790065658846,201,c8b7b9f7d8b142bcc78ffed4fe8dd834,b5de50f1597ac47be3c80938ac716700,685d619a40803946c685f1422abc5629
265415,3.640836781571277,8.576084740037631,200,c8b7b9f7d8b142bcc78ffed4fe8dd834,b5de50f1597ac47be3c80938ac716700,685d619a40803946c685f1422abc5629
266387,3.764042864073978,8.613806197498334,203,c8b7b9f7d8b142bcc78ffed4fe8dd834,b5de50f1597ac47be3c80938ac716700,685d619a40803946c685f1422abc5629
268857,3.8070021687318514,8.626958856444034,200,c8b7b9f7d8b142bcc78ffed4fe8dd834,b5de50f1597ac47be3c80938ac716700,685d619a40803946c685f1422abc5629
269794,3.7877154430039375,8.621184042534754,199,c8b7b9f7d8b142bcc78ffed4fe8dd834,b5de50f1597ac47be3c80938ac716700,685d619a40803946c685f1422abc5629
270666,2.829224646093055,8.038613289664877,200,c8b7b9f7d8b142bcc78ffed4fe8dd834,b5de50f1597ac47be3c80938ac716700,685d619a40803946c685f1422abc5629
273981,2.269189359445224,7.452924606391451,200,c8b7b9f7d8b142bcc78ffed4fe8dd834,b5de50f1597ac47be3c80938ac716700,685d619a40803946c685f1422abc5629
274082,2.9865439864941163,7.993562959063022,198,c8b7b9f7d8b142bcc78ffed4fe8dd834,b5de50f1597ac47be3c80938ac716700,685d619a40803946c685f1422abc5629
274871,3.5359050729178048,8.410693411583836,200,c8b7b9f7d8b142bcc78ffed4fe8dd834,b5de50f1597ac47be3c80938ac716700,685d619a40803946c685f1422abc5629
275857,3.25094950041699,8.41219071267033,198,c8b7b9f7d8b142bcc78ffed4fe8dd834,b5de50f1597ac47be3c80938ac716700,685d619a40803946c685f1422abc5629
276787,2.770072258593937,8.339198798724205,197,c8b7b9f7d8b142bcc78ffed4fe8dd834,685d619a40803946c685f1422abc5629,b5de50f1597ac47be3c80938ac716700
279077,2.46473215298754,8.479564012769265,197,c8b7b9f7d8b142bcc78ffed4fe8dd834,685d619a40803946c685f1422abc5629,b5de50f1597ac47be3c80938ac716700
280039,3.168634071886113,8.613239172540709,200,c8b7b9f7d8b142bcc78ffed4fe8dd834,b5de50f1597ac47be3c80938ac716700,685d619a40803946c685f1422abc5629
280865,3.634425304863326,8.598541853602605,198,b5de50f1597ac47be3c80938ac716700,c8b7b9f7d8b142bcc78ffed4fe8dd834,685d619a40803946c685f1422abc5629
281867,4.632200869467009,7.973885969946306,205,b5de50f1597ac47be3c80938ac716700,c8b7b9f7d8b142bcc78ffed4fe8dd834,685d619a40803946c685f1422abc5629
284338,4.572908931353105,7.873230948873473,240,b5de50f1597ac47be3c80938ac716700,c8b7b9f7d8b142bcc78ffed4fe8dd834,685d619a40803946c685f1422abc5629
285160,3.0272751672515654,8.310120686685234,242,c8b7b9f7d8b142bcc78ffed4fe8dd834,b5de50f1597ac47be3c80938ac716700,685d619a40803946c685f1422abc5629
286161,2.537020291366968,7.9482325320759735,268,c8b7b9f7d8b142bcc78ffed4fe8dd834,b5de50f1597ac47be3c80938ac716700,685d619a40803946c685f1422abc5629
287128,2.364840271167545,7.818492593952677,262,c8b7b9f7d8b142bcc78ffed4fe8dd834,685d619a40803946c685f1422abc5629,b5de50f1597ac47be3c80938ac716700
289579,2.001200548329044,7.989956944233477,277,685d619a40803946c685f1422abc5629,c8b7b9f7d8b142bcc78ffed4fe8dd834,676ca537da004748c7e24b3b36f74725
290505,1.6157046706043692,8.517772558088126,303,685d619a40803946c685f1422abc5629,c8b7b9f7d8b142bcc78ffed4fe8dd834,676ca537da004748c7e24b3b36f74725
291342,1.4812905692943494,8.68015417311435,313,685d619a40803946c685f1422abc5629,676ca537da004748c7e24b3b36f74725,c8b7b9f7d8b142bcc78ffed4fe8dd834
293849,0.9258118172744325,8.58131847181773,280,685d619a40803946c685f1422abc5629,676ca537da004748c7e24b3b36f74725,c8b7b9f7d8b142bcc78ffed4fe8dd834
294784,0.8880577104574905,8.575835624866468,238,685d619a40803946c685f1422abc5629,676ca537da004748c7e24b3b36f74725,c8b7b9f7d8b142bcc78ffed4fe8dd834
295692,1.0354335429101234,8.42414882009342,223,685d619a40803946c685f1422abc5629,676ca537da004748c7e24b3b36f74725,c8b7b9f7d8b142bcc78ffed4fe8dd834
296578,0.7299683737033801,8.45368702133348,206,685d619a40803946c685f1422abc5629,676ca537da004748c7e24b3b36f74725,c8b7b9f7d8b142bcc78ffed4fe8dd834
299067,0.6098201447906784,8.463986355265224,177,685d619a40803946c685f1422abc5629,676ca537da004748c7e24b3b36f74725,c8b7b9f7d8b142bcc78ffed4fe8dd834
300032,1.1458816958984532,8.371166974425446,179,685d619a40803946c685f1422abc5629,676ca537da004748c7e24b3b36f74725,c8b7b9f7d8b142bcc78ffed4fe8dd834
300952,1.4703097321444887,8.301209188108395,174,676ca537da004748c7e24b3b36f74725,685d619a40803946c685f1422abc5629,c8b7b9f7d8b142bcc78ffed4fe8dd834
301816,0.8918601968411735,7.620476038087251,164,676ca537da004748c7e24b3b36f74725,685d619a40803946c685f1422abc5629,c8b7b9f7d8b142bcc78ffed4fe8dd834
304398,0.6584621051902435,7.299233069594435,144,676ca537da004748c7e24b3b36f74725,685d619a40803946c685f1422abc5629,c8b7b9f7d8b142bcc78ffed4fe8dd834
305375,1.180096001310469,6.87945205454031,127,676ca537da004748c7e24b3b36f74725,685d619a40803946c685f1422abc5629,b5de50f1597ac47be3c80938ac716700
306338,1.700005185574015,6.504539171136141,105,676ca537da004748c7e24b3b36f74725,b5de50f1597ac47be3c80938ac716700,685d619a40803946c685f1422abc5629
308839,1.881286308936692,6.373815131777382,93,676ca537da004748c7e24b3b36f74725,b5de50f1597ac47be3c80938ac716700,685d619a40803946c685f1422abc5629
309735,1.9444951282503657,6.333958202860327,72,676ca537da004748c7e24b3b36f74725,b5de50f1597ac47be3c80938ac716700,685d619a40803946c685f1422abc5629
310654,2.1694799366142834,6.91855046651537,50,c8b7b9f7d8b142bcc78ffed4fe8dd834,b5de50f1597ac47be3c80938ac716700,685d619a40803946c685f1422abc5629
311615,2.6122287654674747,8.177599352414731,57,c8b7b9f7d8b142bcc78ffed4fe8dd834,685d619a40803946c685f1422abc5629,b5de50f1597ac47be3c80938ac716700
313938,2.74945056078993,8.626849218727056,18,c8b7b9f7d8b142bcc78ffed4fe8dd834,685d619a40803946c685f1422abc5629,b5de50f1597ac47be3c80938ac716700
314856,3.0388209414019216,8.592151211940148,356,c8b7b9f7d8b142bcc78ffed4fe8dd834,b5de50f1597ac47be3c80938ac716700,685d619a40803946c685f1422abc5629
315828,3.554132920008236,8.617786922065795,357,c8b7b9f7d8b142bcc78ffed4fe8dd834,b5de50f1597ac47be3c80938ac716700,685d619a40803946c685f1422abc5629
316755,3.7338110968735303,8.628346849276685,15,c8b7b9f7d8b142bcc78ffed4fe8dd834,b5de50f1597ac47be3c80938ac716700,685d619a40803946c685f1422abc5629
319122,3.641209483479343,8.728383456890548,151,c8b7b9f7d8b142bcc78ffed4fe8dd834,b5de50f1597ac47be3c80938ac716700,685d619a40803946c685f1422abc5629
320154,3.663061922911699,8.70038242007101,140,b5de50f1597ac47be3c80938ac716700,c8b7b9f7d8b142bcc78ffed4fe8dd834,685d619a40803946c685f1422abc5629
321156,2.968885758385272,7.890389443855785,153,c8b7b9f7d8b142bcc78ffed4fe8dd834,b5de50f1597ac47be3c80938ac716700,685d619a40803946c685f1422abc5629
321972,2.741128245837579,7.512584680919781,170,b5de50f1597ac47be3c80938ac716700,c8b7b9f7d8b142bcc78ffed4fe8dd834,685d619a40803946c685f1422abc5629
324427,2.722143092184881,7.301268515647657,175,b5de50f1597ac47be3c80938ac716700,c8b7b9f7d8b142bcc78ffed4fe8dd834,676ca537da004748c7e24b3b36f74725
325441,2.6087334566624056,6.4564878752474115,192,b5de50f1597ac47be3c80938ac716700,676ca537da004748c7e24b3b36f74725,8cb980d669fc5bfab2ad757dd8a4210c
326377,2.301188630773406,5.7428319016633065,172,676ca537da004748c7e24b3b36f74725,8cb980d669fc5bfab2ad757dd8a4210c,b5de50f1597ac47be3c80938ac716700
328234,2.241724848757101,5.584062150261213,195,676ca537da004748c7e24b3b36f74725,b5de50f1597ac47be3c80938ac716700,8cb980d669fc5bfab2ad757dd8a4210c
329720,2.4956406547899834,5.5274068429808585,214,52eba2f3fae93139fe2cb55b384ba319,b5de50f1597ac47be3c80938ac716700,8cb980d669fc5bfab2ad757dd8a4210c
330627,2.468654664647398,5.3662222887626685,200,8cb980d669fc5bfab2ad757dd8a4210c,676ca537da004748c7e24b3b36f74725,52eba2f3fae93139fe2cb55b384ba319
331492,1.2423818642570297,5.807722291450309,200,676ca537da004748c7e24b3b36f74725,8cb980d669fc5bfab2ad757dd8a4210c,685d619a40803946c685f1422abc5629
333832,1.1829238573918799,4.882331758974096,172,8cb980d669fc5bfab2ad757dd8a4210c,52eba2f3fae93139fe2cb55b384ba319,676ca537da004748c7e24b3b36f74725
334756,1.8947402466951258,4.381345510780177,162,8cb980d669fc5bfab2ad757dd8a4210c,52eba2f3fae93139fe2cb55b384ba319,4d631bfc9292dbacea87ac8860283332
335785,2.1443647703517126,3.7997735001920696,162,52eba2f3fae93139fe2cb55b384ba319,8cb980d669fc5bfab2ad757dd8a4210c,4d631bfc9292dbacea87ac8860283332
336723,2.3458654646538086,2.9671631899900155,184,8cb980d669fc5bfab2ad757dd8a4210c,52eba2f3fae93139fe2cb55b384ba319,4d631bfc9292dbacea87ac8860283332
340143,2.0492981947943463,3.260613304063588,216,8cb980d669fc5bfab2ad757dd8a4210c,52eba2f3fae93139fe2cb55b384ba319,4d631bfc9292dbacea87ac8860283332
340243,1.9609052281661352,2.7761671752841632,206,4d631bfc9292dbacea87ac8860283332,8cb980d669fc5bfab2ad757dd8a4210c,837d614e2d894c7bd06abb22e3594100
340951,1.5679939631179967,2.0785160563508804,229,4d631bfc9292dbacea87ac8860283332,8cb980d669fc5bfab2ad757dd8a4210c,837d614e2d894c7bd06abb22e3594100
341926,1.612070695005587,1.8663504417072303,235,837d614e2d894c7bd06abb22e3594100,4d631bfc9292dbacea87ac8860283332,52eba2f3fae93139fe2cb55b384ba319
344273,2.7886334197751768,0.9345125528204995,211,837d614e2d894c7bd06abb22e3594100,4d631bfc9292dbacea87ac8860283332,52eba2f3fae93139fe2cb55b384ba319
345195,2.881555435672368,0.9246129089207282,193,837d614e2d894c7bd06abb22e3594100,4d631bfc9292dbacea87ac8860283332,52eba2f3fae93139fe2cb55b384ba319
346155,2.3208942965398416,1.652554042484577,194,4d631bfc9292dbacea87ac8860283332,837d614e2d894c7bd06abb22e3594100,8cb980d669fc5bfab2ad757dd8a4210c
347063,1.7838182062048198,1.7205737358661986,179,4d631bfc9292dbacea87ac8860283332,837d614e2d894c7bd06abb22e3594100,8cb980d669fc5bfab2ad757dd8a4210c
349458,1.5155535825019057,1.7186452682296278,180,4d631bfc9292dbacea87ac8860283332,837d614e2d894c7bd06abb22e3594100,8cb980d669fc5bfab2ad757dd8a4210c
350395,2.2701689003096583,1.2397830476310059,188,837d614e2d894c7bd06abb22e3594100,4d631bfc9292dbacea87ac8860283332,52eba2f3fae93139fe2cb55b384ba319
351284,2.2272580933553168,1.2999293465682757,216,4d631bfc9292dbacea87ac8860283332,837d614e2d894c7bd06abb22e3594100,8cb980d669fc5bfab2ad757dd8a4210c
353160,2.07359280043226,1.4235749361879644,259,837d614e2d894c7bd06abb22e3594100,4d631bfc9292dbacea87ac8860283332,52eba2f3fae93139fe2cb55b384ba319
354671,2.4784637639198976,1.4648260128374913,262,837d614e2d894c7bd06abb22e3594100,4d631bfc9292dbacea87ac8860283332,52eba2f3fae93139fe2cb55b384ba319
355601,2.7253161237110595,1.8368414028365787,256,52eba2f3fae93139fe2cb55b384ba319,837d614e2d894c7bd06abb22e3594100,4d631bfc9292dbacea87ac8860283332
356522,3.0509128047949208,2.630192544034516,260,52eba2f3fae93139fe2cb55b384ba319,837d614e2d894c7bd06abb22e3594100,4d631bfc9292dbacea87ac8860283332
358956,2.7583583180654703,3.01402411093155,271,52eba2f3fae93139fe2cb55b384ba319,8cb980d669fc5bfab2ad757dd8a4210c,4d631bfc9292dbacea87ac8860283332
359840,2.4233388589486338,3.725189204142895,274,8cb980d669fc5bfab2ad757dd8a4210c,52eba2f3fae93139fe2cb55b384ba319,4d631bfc9292dbacea87ac8860283332
360688,1.7704258788212255,2.818226051918997,302,4d631bfc9292dbacea87ac8860283332,8cb980d669fc5bfab2ad757dd8a4210c,837d614e2d894c7bd06abb22e3594100
361605,1.6407927052406484,2.5424845320854725,342,4d631bfc9292dbacea87ac8860283332,8cb980d669fc5bfab2ad757dd8a4210c,52eba2f3fae93139fe2cb55b384ba319
363972,1.808596850996401,3.5743023600264983,25,8cb980d669fc5bfab2ad757dd8a4210c,52eba2f3fae93139fe2cb55b384ba319,4d631bfc9292dbacea87ac8860283332
364981,2.245442675168368,3.753624509889588,358,52eba2f3fae93139fe2cb55b384ba319,8cb980d669fc5bfab2ad757dd8a4210c,4d631bfc9292dbacea87ac8860283332
366034,2.496879955437437,2.959370927259753,360,52eba2f3fae93139fe2cb55b384ba319,4d631bfc9292dbacea87ac8860283332,8cb980d669fc5bfab2ad757dd8a4210c
367043,2.4958902728554504,2.687811114693421,12,52eba2f3fae93139fe2cb55b384ba319,4d631bfc9292dbacea87ac8860283332,837d614e2d894c7bd06abb22e3594100
369578,2.4245915567415572,2.871153503503945,287,52eba2f3fae93139fe2cb55b384ba319,8cb980d669fc5bfab2ad757dd8a4210c,4d631bfc9292dbacea87ac8860283332
370517,2.1132179967438556,3.3076449838827044,310,8cb980d669fc5bfab2ad757dd8a4210c,52eba2f3fae93139fe2cb55b384ba319,4d631bfc9292dbacea87ac8860283332
371627,2.137416926910576,3.9260128920919444,318,8cb980d669fc5bfab2ad757dd8a4210c,52eba2f3fae93139fe2cb55b384ba319,676ca537da004748c7e24b3b36f74725
374058,2.233707216070564,5.209684748007643,323,8cb980d669fc5bfab2ad757dd8a4210c,52eba2f3fae93139fe2cb55b384ba319,676ca537da004748c7e24b3b36f74725
375013,2.2821229028799817,5.532842580656894,318,676ca537da004748c7e24b3b36f74725,b5de50f1597ac47be3c80938ac716700,8cb980d669fc5bfab2ad757dd8a4210c
375929,2.321866514675504,5.756255360377574,283,676ca537da004748c7e24b3b36f74725,b5de50f1597ac47be3c80938ac716700,8cb980d669fc5bfab2ad757dd8a4210c
376836,2.335724255240307,5.834154579908986,191,676ca537da004748c7e24b3b36f74725,b5de50f1597ac47be3c80938ac716700,8cb980d669fc5bfab2ad757dd8a4210c
379338,2.3405561506037524,5.859700715527214,168,676ca537da004748c7e24b3b36f74725,b5de50f1597ac47be3c80938ac716700,8cb980d669fc5bfab2ad757dd8a4210c
380303,2.444984722156388,5.576528390398969,166,52eba2f3fae93139fe2cb55b384ba319,8cb980d669fc5bfab2ad757dd8a4210c,b5de50f1597ac47be3c80938ac716700
381297,2.514577526261303,5.382198967083191,175,52eba2f3fae93139fe2cb55b384ba319,8cb980d669fc5bfab2ad757dd8a4210c,b5de50f1597ac47be3c80938ac716700
383865,2.761321065997958,5.122738270101749,134,52eba2f3fae93139fe2cb55b384ba319,8cb980d669fc5bfab2ad757dd8a4210c,b5de50f1597ac47be3c80938ac716700
384911,2.94094978293122,4.93754262447981,109,52eba2f3fae93139fe2cb55b384ba319,8cb980d669fc5bfab2ad757dd8a4210c,b5de50f1597ac47be3c80938ac716700
385992,2.7418327745701307,4.400146036047545,132,52eba2f3fae93139fe2cb55b384ba319,8cb980d669fc5bfab2ad757dd8a4210c,4d631bfc9292dbacea87ac8860283332
386857,2.7351718603904143,3.905590543643733,112,52eba2f3fae93139fe2cb55b384ba319,8cb980d669fc5bfab2ad757dd8a4210c,4d631bfc9292dbacea87ac8860283332
389265,2.839357872592234,3.678676103805764,159,52eba2f3fae93139fe2cb55b384ba319,8cb980d669fc5bfab2ad757dd8a4210c,4d631bfc9292dbacea87ac8860283332
390253,2.2268754070884245,3.39541218133967,187,8cb980d669fc5bfab2ad757dd8a4210c,4d631bfc9292dbacea87ac8860283332,52eba2f3fae93139fe2cb55b384ba319
391036,1.1445264305521816,3.6528309174515057,183,8cb980d669fc5bfab2ad757dd8a4210c,4d631bfc9292dbacea87ac8860283332,52eba2f3fae93139fe2cb55b384ba319
391960,0.767134677769693,3.7828364079296213,169,8cb980d669fc5bfab2ad757dd8a4210c,4d631bfc9292dbacea87ac8860283332,676ca537da004748c7e24b3b36f74725
394291,0.8073962595582203,3.5513115483306397,162,8cb980d669fc5bfab2ad757dd8a4210c,4d631bfc9292dbacea87ac8860283332,52eba2f3fae93139fe2cb55b384ba319
395142,1.8358230967817017,2.6900927833161283,194,4d631bfc9292dbacea87ac8860283332,8cb980d669fc5bfab2ad757dd8a4210c,837d614e2d894c7bd06abb22e3594100
396221,1.9562699758533204,2.268138811116711,200,4d631bfc9292dbacea87ac8860283332,8cb980d669fc5bfab2ad757dd8a4210c,837d614e2d894c7bd06abb22e3594100
397155,1.9982672057629258,2.121012558296219,176,4d631bfc9292dbacea87ac8860283332,837d614e2d894c7bd06abb22e3594100,52eba2f3fae93139fe2cb55b384ba319
399513,2.0665585648128837,1.4267323858219798,191,4d631bfc9292dbacea87ac8860283332,837d614e2d894c7bd06abb22e3594100,8cb980d669fc5bfab2ad757dd8a4210c
400593,1.8769858463567006,0.9029184937663095,173,4d631bfc9292dbacea87ac8860283332,837d614e2d894c7bd06abb22e3594100,8cb980d669fc5bfab2ad757dd8a4210c
401524,1.8108859265998822,0.7202758829816286,114,4d631bfc9292dbacea87ac8860283332,837d614e2d894c7bd06abb22e3594100,8cb980d669fc5bfab2ad757dd8a4210c
404017,1.8420832190252994,0.7034585821660699,60,837d614e2d894c7bd06abb22e3594100,4d631bfc9292dbacea87ac8860283332,8cb980d669fc5bfab2ad757dd8a4210c
404953,1.807346547251821,0.6612222388784267,80,837d614e2d894c7bd06abb22e3594100,4d631bfc9292dbacea87ac8860283332,8cb980d669fc5bfab2ad757dd8a4210c
408526,1.7866042044183355,0.6360016098493098,66,837d614e2d894c7bd06abb22e3594100,4d631bfc9292dbacea87ac8860283332,8cb980d669fc5bfab2ad757dd8a4210c
408629,1.908656697373048,0.7532637309472954,61,837d614e2d894c7bd06abb22e3594100,4d631bfc9292dbacea87ac8860283332,52eba2f3fae93139fe2cb55b384ba319
409338,2.3193531116490558,1.288990697631589,76,837d614e2d894c7bd06abb22e3594100,4d631bfc9292dbacea87ac8860283332,52eba2f3fae93139fe2cb55b384ba319
410345,2.149539526628402,1.7745238631713365,65,4d631bfc9292dbacea87ac8860283332,837d614e2d894c7bd06abb22e3594100,8cb980d669fc5bfab2ad757dd8a4210c
411242,2.065656131246009,1.948899668236582,66,4d631bfc9292dbacea87ac8860283332,837d614e2d894c7bd06abb22e3594100,8cb980d669fc5bfab2ad757dd8a4210c
413885,2.0849269924596747,1.9681651686848367,62,4d631bfc9292dbacea87ac8860283332,837d614e2d894c7bd06abb22e3594100,52eba2f3fae93139fe2cb55b384ba319
414847,2.4446560703916944,1.7050167103715637,66,837d614e2d894c7bd06abb22e3594100,4d631bfc9292dbacea87ac8860283332,52eba2f3fae93139fe2cb55b384ba319
415829,3.1003721940415705,1.6424217450666903,65,837d614e2d894c7bd06abb22e3594100,52eba2f3fae93139fe2cb55b384ba319,4d631bfc9292dbacea87ac8860283332
418859,3.52882991290938,1.6499629121307737,44,837d614e2d894c7bd06abb22e3594100,52eba2f3fae93139fe2cb55b384ba319,4d631bfc9292dbacea87ac8860283332
419882,3.0448065312821835,2.0077755690627113,42,52eba2f3fae93139fe2cb55b384ba319,837d614e2d894c7bd06abb22e3594100,4d631bfc9292dbacea87ac8860283332
420839,3.0112200558320636,2.055367063740876,28,52eba2f3fae93139fe2cb55b384ba319,837d614e2d894c7bd06abb22e3594100,4d631bfc9292dbacea87ac8860283332
422919,3.541578139262808,1.793948041692686,15,52eba2f3fae93139fe2cb55b384ba319,837d614e2d894c7bd06abb22e3594100,4d631bfc9292dbacea87ac8860283332
424488,3.9298607328418673,1.930484575434941,350,52eba2f3fae93139fe2cb55b384ba319,837d614e2d894c7bd06abb22e3594100,4d631bfc9292dbacea87ac8860283332
425479,4.806284464632672,2.781451718308582,356,52eba2f3fae93139fe2cb55b384ba319,837d614e2d894c7bd06abb22e3594100,4d631bfc9292dbacea87ac8860283332
426460,3.988613511222918,3.1629272163462954,353,52eba2f3fae93139fe2cb55b384ba319,837d614e2d894c7bd06abb22e3594100,8cb980d669fc5bfab2ad757dd8a4210c
429348,3.4560163409280493,3.755969928741818,1,52eba2f3fae93139fe2cb55b384ba319,8cb980d669fc5bfab2ad757dd8a4210c,b5de50f1597ac47be3c80938ac716700
430353,3.0861858376234066,4.375733152465292,343,52eba2f3fae93139fe2cb55b384ba319,8cb980d669fc5bfab2ad757dd8a4210c,b5de50f1597ac47be3c80938ac716700
431340,2.6688056678971512,4.796765846161247,341,52eba2f3fae93139fe2cb55b384ba319,8cb980d669fc5bfab2ad757dd8a4210c,b5de50f1597ac47be3c80938ac716700
434013,2.754397826611039,4.8736941727728045,348,52eba2f3fae93139fe2cb55b384ba319,8cb980d669fc5bfab2ad757dd8a4210c,b5de50f1597ac47be3c80938ac716700
434870,2.546428941163801,4.986721877547586,351,52eba2f3fae93139fe2cb55b384ba319,8cb980d669fc5bfab2ad757dd8a4210c,676ca537da004748c7e24b3b36f74725
435935,2.266626981220397,5.198466676680015,3,8cb980d669fc5bfab2ad757dd8a4210c,52eba2f3fae93139fe2cb55b384ba319,676ca537da004748c7e24b3b36f74725
438667,2.2150586765177795,5.393595511669777,313,676ca537da004748c7e24b3b36f74725,8cb980d669fc5bfab2ad757dd8a4210c,b5de50f1597ac47be3c80938ac716700
439644,2.298431134564211,5.707702909574649,340,676ca537da004748c7e24b3b36f74725,b5de50f1597ac47be3c80938ac716700,8cb980d669fc5bfab2ad757dd8a4210c
440629,2.313865664649236,5.827924791861895,350,676ca537da004748c7e24b3b36f74725,b5de50f1597ac47be3c80938ac716700,8cb980d669fc5bfab2ad757dd8a4210c
442741,2.1123479813037465,6.102998740952716,345,676ca537da004748c7e24b3b36f74725,b5de50f1597ac47be3c80938ac716700,8cb980d669fc5bfab2ad757dd8a4210c
444615,2.2850003717841045,6.9666839399531995,328,b5de50f1597ac47be3c80938ac716700,c8b7b9f7d8b142bcc78ffed4fe8dd834,676ca537da004748c7e24b3b36f74725
445581,2.947321324677114,7.800017210675234,333,b5de50f1597ac47be3c80938ac716700,c8b7b9f7d8b142bcc78ffed4fe8dd834,685d619a40803946c685f1422abc5629
446427,3.5222289763788823,8.343208181947993,336,b5de50f1597ac47be3c80938ac716700,c8b7b9f7d8b142bcc78ffed4fe8dd834,685d619a40803946c685f1422abc5629
448985,3.722686879575809,8.532607162487782,320,b5de50f1597ac47be3c80938ac716700,c8b7b9f7d8b142bcc78ffed4fe8dd834,685d619a40803946c685f1422abc5629
450008,3.7925822285682305,8.585504120135704,328,b5de50f1597ac47be3c80938ac716700,c8b7b9f7d8b142bcc78ffed4fe8dd834,685d619a40803946c685f1422abc5629
450930,4.641942281396068,8.007011857485656,310,b5de50f1597ac47be3c80938ac716700,c8b7b9f7d8b142bcc78ffed4fe8dd834,685d619a40803946c685f1422abc5629
453866,5.0257214735836,7.73543579484541,296,b5de50f1597ac47be3c80938ac716700,c8b7b9f7d8b142bcc78ffed4fe8dd834,685d619a40803946c685f1422abc5629
454844,3.99221807593095,7.927700523831817,278,b5de50f1597ac47be3c80938ac716700,c8b7b9f7d8b142bcc78ffed4fe8dd834,685d619a40803946c685f1422abc5629
455795,3.0550414208659604,8.136535585471462,244,c8b7b9f7d8b142bcc78ffed4fe8dd834,b5de50f1597ac47be3c80938ac716700,685d619a40803946c685f1422abc5629
457267,2.59181698078393,8.322599788356326,334,c8b7b9f7d8b142bcc78ffed4fe8dd834,685d619a40803946c685f1422abc5629,b5de50f1597ac47be3c80938ac716700
459594,2.3286394445556575,8.471850261655495,51,c8b7b9f7d8b142bcc78ffed4fe8dd834,685d619a40803946c685f1422abc5629,b5de50f1597ac47be3c80938ac716700
460508,2.2368751117542223,8.523890683869638,54,c8b7b9f7d8b142bcc78ffed4fe8dd834,685d619a40803946c685f1422abc5629,b5de50f1597ac47be3c80938ac716700
461401,2.4256322979612004,8.479947049487242,72,c8b7b9f7d8b142bcc78ffed4fe8dd834,685d619a40803946c685f1422abc5629,b5de50f1597ac47be3c80938ac716700
464091,2.5286404230206223,8.040975744662997,33,b5de50f1597ac47be3c80938ac716700,c8b7b9f7d8b142bcc78ffed4fe8dd834,676ca537da004748c7e24b3b36f74725
465001,2.8815851391550553,7.395407361743983,335,b5de50f1597ac47be3c80938ac716700,c8b7b9f7d8b142bcc78ffed4fe8dd834,685d619a40803946c685f1422abc5629
465884,2.784366100648837,7.711897078837602,207,c8b7b9f7d8b142bcc78ffed4fe8dd834,b5de50f1597ac47be3c80938ac716700,685d619a40803946c685f1422abc5629
468843,2.1581465665233934,7.69769978123802,358,676ca537da004748c7e24b3b36f74725,685d619a40803946c685f1422abc5629,c8b7b9f7d8b142bcc78ffed4fe8dd834
469763,1.9835865300295896,7.835277549099078,243,685d619a40803946c685f1422abc5629,676ca537da004748c7e24b3b36f74725,c8b7b9f7d8b142bcc78ffed4fe8dd834
470679,2.0187982721075963,8.074867814266083,267,685d619a40803946c685f1422abc5629,c8b7b9f7d8b142bcc78ffed4fe8dd834,676ca537da004748c7e24b3b36f74725
472584,1.996492687803922,8.050125096357007,273,685d619a40803946c685f1422abc5629,c8b7b9f7d8b142bcc78ffed4fe8dd834,676ca537da004748c7e24b3b36f74725
474349,2.1093497688229794,8.17564243637093,277,c8b7b9f7d8b142bcc78ffed4fe8dd834,685d619a40803946c685f1422abc5629,b5de50f1597ac47be3c80938ac716700
475251,2.283524213772477,7.622875509920317,275,b5de50f1597ac47be3c80938ac716700,676ca537da004748c7e24b3b36f74725,c8b7b9f7d8b142bcc78ffed4fe8dd834
476153,2.2799085383620312,7.786066716872266,260,c8b7b9f7d8b142bcc78ffed4fe8dd834,685d619a40803946c685f1422abc5629,b5de50f1597ac47be3c80938ac716700
479104,2.1377311243406645,8.310222087436706,320,685d619a40803946c685f1422abc5629,c8b7b9f7d8b142bcc78ffed4fe8dd834,676ca537da004748c7e24b3b36f74725
479958,1.6876235636657881,8.621951620461953,325,685d619a40803946c685f1422abc5629,c8b7b9f7d8b142bcc78ffed4fe8dd834,676ca537da004748c7e24b3b36f74725
483370,1.84879484046989,8.225623244931347,32,685d619a40803946c685f1422abc5629,c8b7b9f7d8b142bcc78ffed4fe8dd834,676ca537da004748c7e24b3b36f74725
483467,1.9522069966475621,8.239319846826017,53,685d619a40803946c685f1422abc5629,c8b7b9f7d8b142bcc78ffed4fe8dd834,676ca537da004748c7e24b3b36f74725
484435,2.0991147181321486,8.413630982366445,109,c8b7b9f7d8b142bcc78ffed4fe8dd834,685d619a40803946c685f1422abc5629,676ca537da004748c7e24b3b36f74725
485327,2.1656899555983404,8.249687734603967,131,685d619a40803946c685f1422abc5629,c8b7b9f7d8b142bcc78ffed4fe8dd834,676ca537da004748c7e24b3b36f74725
486223,1.8974187513489345,7.413348735951269,163,676ca537da004748c7e24b3b36f74725,685d619a40803946c685f1422abc5629,c8b7b9f7d8b142bcc78ffed4fe8dd834
488908,1.9310432227203036,6.80997852550165,114,676ca537da004748c7e24b3b36f74725,b5de50f1597ac47be3c80938ac716700,685d619a40803946c685f1422abc5629
489858,1.9618442913326255,6.483616122711777,117,676ca537da004748c7e24b3b36f74725,b5de50f1597ac47be3c80938ac716700,685d619a40803946c685f1422abc5629
490715,2.0951178600738065,7.2684018211636765,125,685d619a40803946c685f1422abc5629,c8b7b9f7d8b142bcc78ffed4fe8dd834,676ca537da004748c7e24b3b36f74725
492629,2.081612815059062,8.046144388575467,99,685d619a40803946c685f1422abc5629,c8b7b9f7d8b142bcc78ffed4fe8dd834,676ca537da004748c7e24b3b36f74725
494645,1.9577428723681616,8.173266466634033,108,685d619a40803946c685f1422abc5629,c8b7b9f7d8b142bcc78ffed4fe8dd834,676ca537da004748c7e24b3b36f74725
495604,2.0829966540231695,7.938496653115977,106,685d619a40803946c685f1422abc5629,c8b7b9f7d8b142bcc78ffed4fe8dd834,676ca537da004748c7e24b3b36f74725
496579,2.093018227032059,8.008750178393697,132,685d619a40803946c685f1422abc5629,c8b7b9f7d8b142bcc78ffed4fe8dd834,676ca537da004748c7e24b3b36f74725
499245,2.2564695220504083,8.027708244925957,110,b5de50f1597ac47be3c80938ac716700,c8b7b9f7d8b142bcc78ffed4fe8dd834,685d619a40803946c685f1422abc5629
500209,4.153007349595885,7.759300042759407,68,b5de50f1597ac47be3c80938ac716700,c8b7b9f7d8b142bcc78ffed4fe8dd834,685d619a40803946c685f1422abc5629
1842,2.800039125784161,7.632169788304806,115,b5de50f1597ac47be3c80938ac716700,c8b7b9f7d8b142bcc78ffed4fe8dd834,685d619a40803946c685f1422abc5629
2693,2.5198063237634916,7.652026674714051,115,c8b7b9f7d8b142bcc78ffed4fe8dd834,685d619a40803946c685f1422abc5629,b5de50f1597ac47be3c80938ac716700
3609,2.1972159745614612,8.031770194815936,115,c8b7b9f7d8b142bcc78ffed4fe8dd834,685d619a40803946c685f1422abc5629,b5de50f1597ac47be3c80938ac716700
4645,2.54365372011,8.412394271167393,115,c8b7b9f7d8b142bcc78ffed4fe8dd834,685d619a40803946c685f1422abc5629,b5de50f1597ac47be3c80938ac716700
5621,2.740061579921817,8.619168960153424,115,c8b7b9f7d8b142bcc78ffed4fe8dd834,685d619a40803946c685f1422abc5629,b5de50f1597ac47be3c80938ac716700
8253,3.672953385263778,8.397179814660419,115,b5de50f1597ac47be3c80938ac716700,c8b7b9f7d8b142bcc78ffed4fe8dd834,685d619a40803946c685f1422abc5629
9211,3.8456330093973707,6.840361712055333,115,b5de50f1597ac47be3c80938ac716700,52eba2f3fae93139fe2cb55b384ba319,c8b7b9f7d8b142bcc78ffed4fe8dd834
10245,3.8295889992916434,4.9271946997689176,115,52eba2f3fae93139fe2cb55b384ba319,b5de50f1597ac47be3c80938ac716700,8cb980d669fc5bfab2ad757dd8a4210c
12842,4.3503312410776,5.636277554034715,115,b5de50f1597ac47be3c80938ac716700,52eba2f3fae93139fe2cb55b384ba319,c8b7b9f7d8b142bcc78ffed4fe8dd834
13739,4.924042990929417,6.908811856026576,115,b5de50f1597ac47be3c80938ac716700,c8b7b9f7d8b142bcc78ffed4fe8dd834,52eba2f3fae93139fe2cb55b384ba319
14629,5.124083908934788,7.352517131418839,115,b5de50f1597ac47be3c80938ac716700,c8b7b9f7d8b142bcc78ffed4fe8dd834,52eba2f3fae93139fe2cb55b384ba319
15570,5.193833864181072,7.507227594706755,115,b5de50f1597ac47be3c80938ac716700,c8b7b9f7d8b142bcc78ffed4fe8dd834,52eba2f3fae93139fe2cb55b384ba319
18559,5.000178816448503,7.550436448317832,115,b5de50f1597ac47be3c80938ac716700,c8b7b9f7d8b142bcc78ffed4fe8dd834,52eba2f3fae93139fe2cb55b384ba319
19384,3.414407598671456,6.114561987308887,115,b5de50f1597ac47be3c80938ac716700,52eba2f3fae93139fe2cb55b384ba319,676ca537da004748c7e24b3b36f74725
20292,2.8944195041639498,5.781573698738518,115,b5de50f1597ac47be3c80938ac716700,52eba2f3fae93139fe2cb55b384ba319,676ca537da004748c7e24b3b36f74725
23063,2.7093483228932596,5.637598665051541,115,52eba2f3fae93139fe2cb55b384ba319,b5de50f1597ac47be3c80938ac716700,8cb980d669fc5bfab2ad757dd8a4210c
24085,2.4796836382828698,5.601518161873614,115,676ca537da004748c7e24b3b36f74725,b5de50f1597ac47be3c80938ac716700,8cb980d669fc5bfab2ad757dd8a4210c
25032,2.3764963281214184,6.294380146036886,115,b5de50f1597ac47be3c80938ac716700,676ca537da004748c7e24b3b36f74725,c8b7b9f7d8b142bcc78ffed4fe8dd834
28008,2.358975513106565,6.3802607279417085,115,676ca537da004748c7e24b3b36f74725,b5de50f1597ac47be3c80938ac716700,c8b7b9f7d8b142bcc78ffed4fe8dd834
29011,2.211513917812144,6.923114709518263,115,676ca537da004748c7e24b3b36f74725,c8b7b9f7d8b142bcc78ffed4fe8dd834,685d619a40803946c685f1422abc5629
29960,2.15085568494346,7.929760660465032,115,c8b7b9f7d8b142bcc78ffed4fe8dd834,685d619a40803946c685f1422abc5629,676ca537da004748c7e24b3b36f74725
31193,2.182895247832281,8.259404379917537,115,c8b7b9f7d8b142bcc78ffed4fe8dd834,685d619a40803946c685f1422abc5629,676ca537da004748c7e24b3b36f74725
33547,2.1901575167752436,8.412831558182534,115,c8b7b9f7d8b142bcc78ffed4fe8dd834,685d619a40803946c685f1422abc5629,676ca537da004748c7e24b3b36f74725
34441,2.5064826689249564,8.659479766862212,115,c8b7b9f7d8b142bcc78ffed4fe8dd834,685d619a40803946c685f1422abc5629,b5de50f1597ac47be3c80938ac716700
35476,2.748862401005881,8.80956265856716,115,c8b7b9f7d8b142bcc78ffed4fe8dd834,685d619a40803946c685f1422abc5629,b5de50f1597ac47be3c80938ac716700
38214,2.471039668254135,8.684979305858294,115,c8b7b9f7d8b142bcc78ffed4fe8dd834,685d619a40803946c685f1422abc5629,b5de50f1597ac47be3c80938ac716700
39123,2.286526999623298,8.598204186542272,115,c8b7b9f7d8b142bcc78ffed4fe8dd834,685d619a40803946c685f1422abc5629,b5de50f1597ac47be3c80938ac716700
39973,2.2221914101464098,8.567947573299671,115,c8b7b9f7d8b142bcc78ffed4fe8dd834,685d619a40803946c685f1422abc5629,b5de50f1597ac47be3c80938ac716700
42825,2.3107509911230273,8.465279686049865,115,c8b7b9f7d8b142bcc78ffed4fe8dd834,685d619a40803946c685f1422abc5629,b5de50f1597ac47be3c80938ac716700
43815,2.2967642795617715,8.320286022485007,115,c8b7b9f7d8b142bcc78ffed4fe8dd834,685d619a40803946c685f1422abc5629,b5de50f1597ac47be3c80938ac716700
44711,2.2449491942434037,8.215701676893332,115,c8b7b9f7d8b142bcc78ffed4fe8dd834,685d619a40803946c685f1422abc5629,b5de50f1597ac47be3c80938ac716700
45661,2.1361127654071,8.360856265684802,115,685d619a40803946c685f1422abc5629,c8b7b9f7d8b142bcc78ffed4fe8dd834,676ca537da004748c7e24b3b36f74725
48321,2.0057310811003926,8.319758685475376,115,685d619a40803946c685f1422abc5629,c8b7b9f7d8b142bcc78ffed4fe8dd834,676ca537da004748c7e24b3b36f74725
49359,2.114547426364987,8.464984361879317,115,c8b7b9f7d8b142bcc78ffed4fe8dd834,685d619a40803946c685f1422abc5629,676ca537da004748c7e24b3b36f74725
50331,2.1622258408136386,8.521496692645798,115,c8b7b9f7d8b142bcc78ffed4fe8dd834,685d619a40803946c685f1422abc5629,676ca537da004748c7e24b3b36f74725
53218,2.1788502759900354,8.541201323983868,115,c8b7b9f7d8b142bcc78ffed4fe8dd834,685d619a40803946c685f1422abc5629,676ca537da004748c7e24b3b36f74725
54095,2.2411928237398846,8.028805368226575,115,c8b7b9f7d8b142bcc78ffed4fe8dd834,685d619a40803946c685f1422abc5629,b5de50f1597ac47be3c80938ac716700
55143,2.2711470353225374,7.77468918743461,115,c8b7b9f7d8b142bcc78ffed4fe8dd834,685d619a40803946c685f1422abc5629,b5de50f1597ac47be3c80938ac716700
57848,2.4203790954768936,8.216648422803527,115,c8b7b9f7d8b142bcc78ffed4fe8dd834,b5de50f1597ac47be3c80938ac716700,685d619a40803946c685f1422abc5629
58781,3.3261304112712824,8.484743123875084,115,c8b7b9f7d8b142bcc78ffed4fe8dd834,b5de50f1597ac47be3c80938ac716700,685d619a40803946c685f1422abc5629
59786,3.654311537788243,8.581957345258566,115,c8b7b9f7d8b142bcc78ffed4fe8dd834,b5de50f1597ac47be3c80938ac716700,685d619a40803946c685f1422abc5629
61711,3.7687412210524376,8.615853848326097,115,c8b7b9f7d8b142bcc78ffed4fe8dd834,b5de50f1597ac47be3c80938ac716700,685d619a40803946c685f1422abc5629
63474,3.728624311764133,8.603500870915525,115,c8b7b9f7d8b142bcc78ffed4fe8dd834,b5de50f1597ac47be3c80938ac716700,685d619a40803946c685f1422abc5629
64543,3.7946524831618547,8.623365611246417,115,c8b7b9f7d8b142bcc78ffed4fe8dd834,b5de50f1597ac47be3c80938ac716700,685d619a40803946c685f1422abc5629
66522,4.071806103756895,8.407654695393651,115,b5de50f1597ac47be3c80938ac716700,c8b7b9f7d8b142bcc78ffed4fe8dd834,685d619a40803946c685f1422abc5629
68697,3.062067863547692,6.823907584111994,115,b5de50f1597ac47be3c80938ac716700,52eba2f3fae93139fe2cb55b384ba319,676ca537da004748c7e24b3b36f74725
70100,2.417868220658427,4.987908673947487,115,52eba2f3fae93139fe2cb55b384ba319,8cb980d669fc5bfab2ad757dd8a4210c,4d631bfc9292dbacea87ac8860283332
72883,2.3245352454269304,4.034847339293986,115,8cb980d669fc5bfab2ad757dd8a4210c,52eba2f3fae93139fe2cb55b384ba319,4d631bfc9292dbacea87ac8860283332
74133,2.3488802817988232,2.8749832974991127,115,52eba2f3fae93139fe2cb55b384ba319,4d631bfc9292dbacea87ac8860283332,8cb980d669fc5bfab2ad757dd8a4210c
75212,2.469262505222678,2.5002610103345133,115,52eba2f3fae93139fe2cb55b384ba319,4d631bfc9292dbacea87ac8860283332,837d614e2d894c7bd06abb22e3594100
94025,2.489014120939202,2.362537269175488,115,4d631bfc9292dbacea87ac8860283332,837d614e2d894c7bd06abb22e3594100,52eba2f3fae93139fe2cb55b384ba319
95084,1.9163453337127758,2.0164215423434233,115,4d631bfc9292dbacea87ac8860283332,837d614e2d894c7bd06abb22e3594100,8cb980d669fc5bfab2ad757dd8a4210c
96518,1.382022495468515,2.501367231629118,115,8cb980d669fc5bfab2ad757dd8a4210c,4d631bfc9292dbacea87ac8860283332,52eba2f3fae93139fe2cb55b384ba319
98038,0.8499444352146087,3.3813458461252743,115,8cb980d669fc5bfab2ad757dd8a4210c,4d631bfc9292dbacea87ac8860283332,52eba2f3fae93139fe2cb55b384ba319
99062,0.7013411505589913,3.688175416749153,115,8cb980d669fc5bfab2ad757dd8a4210c,4d631bfc9292dbacea87ac8860283332,52eba2f3fae93139fe2cb55b384ba319
100200,2.0512051589278526,4.252044073158958,115,52eba2f3fae93139fe2cb55b384ba319,8cb980d669fc5bfab2ad757dd8a4210c,676ca537da004748c7e24b3b36f74725
101540,2.5707976914093464,5.321136244896445,115,52eba2f3fae93139fe2cb55b384ba319,8cb980d669fc5bfab2ad757dd8a4210c,b5de50f1597ac47be3c80938ac716700
103120,2.715186846062071,4.83279687737161,115,52eba2f3fae93139fe2cb55b384ba319,8cb980d669fc5bfab2ad757dd8a4210c,b5de50f1597ac47be3c80938ac716700
104024,2.5464813922595484,4.609408583143989,115,52eba2f3fae93139fe2cb55b384ba319,8cb980d669fc5bfab2ad757dd8a4210c,4d631bfc9292dbacea87ac8860283332
105061,2.5059167255819985,4.200559010250246,115,52eba2f3fae93139fe2cb55b384ba319,8cb980d669fc5bfab2ad757dd8a4210c,4d631bfc9292dbacea87ac8860283332
106609,2.488735472311061,3.5285178973238063,115,8cb980d669fc5bfab2ad757dd8a4210c,4d631bfc9292dbacea87ac8860283332,52eba2f3fae93139fe2cb55b384ba319
108080,1.8835043749710072,2.4079074966029976,115,4d631bfc9292dbacea87ac8860283332,8cb980d669fc5bfab2ad757dd8a4210c,837d614e2d894c7bd06abb22e3594100
109180,1.672473340050467,2.0171748101198292,115,4d631bfc9292dbacea87ac8860283332,8cb980d669fc5bfab2ad757dd8a4210c,837d614e2d894c7bd06abb22e3594100
110238,1.8997108450650169,2.0327359965007954,115,4d631bfc9292dbacea87ac8860283332,837d614e2d894c7bd06abb22e3594100,8cb980d669fc5bfab2ad757dd8a4210c
111898,2.3234752990299574,2.2120213766442163,115,4d631bfc9292dbacea87ac8860283332,837d614e2d894c7bd06abb22e3594100,52eba2f3fae93139fe2cb55b384ba319
113266,2.471232827808281,2.27453432332536,115,52eba2f3fae93139fe2cb55b384ba319,4d631bfc9292dbacea87ac8860283332,837d614e2d894c7bd06abb22e3594100
114382,2.533386025789071,2.4259974900601953,115,52eba2f3fae93139fe2cb55b384ba319,8cb980d669fc5bfab2ad757dd8a4210c,4d631bfc9292dbacea87ac8860283332
115405,2.4474336789558,2.792793725680767,115,4d631bfc9292dbacea87ac8860283332,52eba2f3fae93139fe2cb55b384ba319,8cb980d669fc5bfab2ad757dd8a4210c
117238,2.3661642713361792,2.5096350749281373,115,52eba2f3fae93139fe2cb55b384ba319,4d631bfc9292dbacea87ac8860283332,837d614e2d894c7bd06abb22e3594100
118565,2.486117552081486,2.3783058033953894,115,52eba2f3fae93139fe2cb55b384ba319,4d631bfc9292dbacea87ac8860283332,837d614e2d894c7bd06abb22e3594100
119799,2.56369725822997,2.4372001357905564,115,52eba2f3fae93139fe2cb55b384ba319,8cb980d669fc5bfab2ad757dd8a4210c,4d631bfc9292dbacea87ac8860283332
120863,2.880633057025711,3.8023024148961655,115,52eba2f3fae93139fe2cb55b384ba319,8cb980d669fc5bfab2ad757dd8a4210c,4d631bfc9292dbacea87ac8860283332
122800,2.9780467060138833,4.543387445234619,115,52eba2f3fae93139fe2cb55b384ba319,8cb980d669fc5bfab2ad757dd8a4210c,b5de50f1597ac47be3c80938ac716700
123899,3.05287329558094,4.327178803001293,115,52eba2f3fae93139fe2cb55b384ba319,8cb980d669fc5bfab2ad757dd8a4210c,4d631bfc9292dbacea87ac8860283332
125247,2.801237407261772,2.311622808529355,115,837d614e2d894c7bd06abb22e3594100,52eba2f3fae93139fe2cb55b384ba319,4d631bfc9292dbacea87ac8860283332
126765,2.9593227269024567,1.6350682781341868,115,837d614e2d894c7bd06abb22e3594100,52eba2f3fae93139fe2cb55b384ba319,4d631bfc9292dbacea87ac8860283332
128512,2.872742487441091,2.8806937049903656,115,52eba2f3fae93139fe2cb55b384ba319,8cb980d669fc5bfab2ad757dd8a4210c,4d631bfc9292dbacea87ac8860283332
129738,2.857311770029177,4.050907007626908,115,52eba2f3fae93139fe2cb55b384ba319,8cb980d669fc5bfab2ad757dd8a4210c,4d631bfc9292dbacea87ac8860283332
131083,2.8747196672190363,4.346950940553111,115,52eba2f3fae93139fe2cb55b384ba319,8cb980d669fc5bfab2ad757dd8a4210c,4d631bfc9292dbacea87ac8860283332
132841,2.3659928491036695,4.927209523933186,115,8cb980d669fc5bfab2ad757dd8a4210c,52eba2f3fae93139fe2cb55b384ba319,676ca537da004748c7e24b3b36f74725
133999,2.299399877136848,5.302156249899516,115,8cb980d669fc5bfab2ad757dd8a4210c,52eba2f3fae93139fe2cb55b384ba319,676ca537da004748c7e24b3b36f74725
135076,1.7758188433010555,4.818457822927122,115,8cb980d669fc5bfab2ad757dd8a4210c,676ca537da004748c7e24b3b36f74725,4d631bfc9292dbacea87ac8860283332
136962,0.9872527314939357,4.18926537906945,115,8cb980d669fc5bfab2ad757dd8a4210c,4d631bfc9292dbacea87ac8860283332,676ca537da004748c7e24b3b36f74725
138365,1.429014691477393,3.502706990444206,115,8cb980d669fc5bfab2ad757dd8a4210c,4d631bfc9292dbacea87ac8860283332,52eba2f3fae93139fe2cb55b384ba319
139836,2.129808343962673,2.2986066751407375,115,4d631bfc9292dbacea87ac8860283332,837d614e2d894c7bd06abb22e3594100,8cb980d669fc5bfab2ad757dd8a4210c
141198,2.0703850153897707,2.131636045597295,115,4d631bfc9292dbacea87ac8860283332,837d614e2d894c7bd06abb22e3594100,8cb980d669fc5bfab2ad757dd8a4210c
143049,2.2894664186362776,1.877620323299739,115,837d614e2d894c7bd06abb22e3594100,4d631bfc9292dbacea87ac8860283332,52eba2f3fae93139fe2cb55b384ba319
144320,2.635174552401997,1.6539676489587882,115,837d614e2d894c7bd06abb22e3594100,52eba2f3fae93139fe2cb55b384ba319,4d631bfc9292dbacea87ac8860283332
145681,2.8067550653250146,1.9189350298166379,115,837d614e2d894c7bd06abb22e3594100,52eba2f3fae93139fe2cb55b384ba319,4d631bfc9292dbacea87ac8860283332
147343,2.6397420628519344,2.1723414330989126,115,52eba2f3fae93139fe2cb55b384ba319,837d614e2d894c7bd06abb22e3594100,4d631bfc9292dbacea87ac8860283332
148582,2.588820859678851,2.2496034351934906,115,52eba2f3fae93139fe2cb55b384ba319,837d614e2d894c7bd06abb22e3594100,4d631bfc9292dbacea87ac8860283332
149761,2.9986943285052154,2.067158904321913,115,52eba2f3fae93139fe2cb55b384ba319,837d614e2d894c7bd06abb22e3594100,4d631bfc9292dbacea87ac8860283332
150978,2.609291027936682,2.713435954765915,115,52eba2f3fae93139fe2cb55b384ba319,8cb980d669fc5bfab2ad757dd8a4210c,4d631bfc9292dbacea87ac8860283332
152601,2.385698180121288,3.200991856392834,115,52eba2f3fae93139fe2cb55b384ba319,8cb980d669fc5bfab2ad757dd8a4210c,4d631bfc9292dbacea87ac8860283332
153762,2.122133846394166,3.1466298401336563,115,8cb980d669fc5bfab2ad757dd8a4210c,4d631bfc9292dbacea87ac8860283332,52eba2f3fae93139fe2cb55b384ba319
155007,2.0068113508149947,3.092623217852757,115,8cb980d669fc5bfab2ad757dd8a4210c,52eba2f3fae93139fe2cb55b384ba319,4d631bfc9292dbacea87ac8860283332
156297,2.3969726609989057,3.1774093687773357,115,52eba2f3fae93139fe2cb55b384ba319,8cb980d669fc5bfab2ad757dd8a4210c,4d631bfc9292dbacea87ac8860283332
158123,2.3805721192364744,3.485062879102781,115,52eba2f3fae93139fe2cb55b384ba319,8cb980d669fc5bfab2ad757dd8a4210c,4d631bfc9292dbacea87ac8860283332
159217,2.4644823578105135,3.346640833020936,115,52eba2f3fae93139fe2cb55b384ba319,8cb980d669fc5bfab2ad757dd8a4210c,4d631bfc9292dbacea87ac8860283332
160459,2.1710383894399286,3.064064083292384,115,4d631bfc9292dbacea87ac8860283332,52eba2f3fae93139fe2cb55b384ba319,8cb980d669fc5bfab2ad757dd8a4210c
179881,2.4440091096019083,2.165207910878711,115,837d614e2d894c7bd06abb22e3594100,4d631bfc9292dbacea87ac8860283332,52eba2f3fae93139fe2cb55b384ba319
180662,2.6353298401500824,1.7685374121469648,115,52eba2f3fae93139fe2cb55b384ba319,837d614e2d894c7bd06abb22e3594100,4d631bfc9292dbacea87ac8860283332
182297,2.637145642508688,2.6223978623268778,115,52eba2f3fae93139fe2cb55b384ba319,4d631bfc9292dbacea87ac8860283332,8cb980d669fc5bfab2ad757dd8a4210c
183731,2.224045056520799,2.3617070411038945,115,4d631bfc9292dbacea87ac8860283332,837d614e2d894c7bd06abb22e3594100,8cb980d669fc5bfab2ad757dd8a4210c
184858,2.155027843545821,2.115605491104401,115,4d631bfc9292dbacea87ac8860283332,837d614e2d894c7bd06abb22e3594100,52eba2f3fae93139fe2cb55b384ba319
185664,2.28682584879396,1.5287268223682082,115,837d614e2d894c7bd06abb22e3594100,4d631bfc9292dbacea87ac8860283332,8cb980d669fc5bfab2ad757dd8a4210c
186216,1.9537882993402866,0.9384817548001266,115,837d614e2d894c7bd06abb22e3594100,4d631bfc9292dbacea87ac8860283332,8cb980d669fc5bfab2ad757dd8a4210c
186898,1.8376652861020524,0.7585197843997149,115,4d631bfc9292dbacea87ac8860283332,837d614e2d894c7bd06abb22e3594100,8cb980d669fc5bfab2ad757dd8a4210c
187546,1.475754799238476,1.2028329021097155,115,4d631bfc9292dbacea87ac8860283332,837d614e2d894c7bd06abb22e3594100,8cb980d669fc5bfab2ad757dd8a4210c
188360,1.5979463678743613,1.6322370602123712,115,4d631bfc9292dbacea87ac8860283332,837d614e2d894c7bd06abb22e3594100,8cb980d669fc5bfab2ad757dd8a4210c
189417,1.986541790331818,2.1600681964840343,115,4d631bfc9292dbacea87ac8860283332,8cb980d669fc5bfab2ad757dd8a4210c,52eba2f3fae93139fe2cb55b384ba319
190638,2.332918130121681,2.8341415931401746,115,52eba2f3fae93139fe2cb55b384ba319,8cb980d669fc5bfab2ad757dd8a4210c,4d631bfc9292dbacea87ac8860283332
192381,2.148180234801743,2.9202566395473077,115,4d631bfc9292dbacea87ac8860283332,8cb980d669fc5bfab2ad757dd8a4210c,837d614e2d894c7bd06abb22e3594100
193636,1.876519681021623,1.525715723955679,115,4d631bfc9292dbacea87ac8860283332,837d614e2d894c7bd06abb22e3594100,8cb980d669fc5bfab2ad757dd8a4210c
194724,1.4622612452915238,1.5191263918598525,115,4d631bfc9292dbacea87ac8860283332,837d614e2d894c7bd06abb22e3594100,8cb980d669fc5bfab2ad757dd8a4210c
196358,1.2808065897618994,1.585044654853068,115,4d631bfc9292dbacea87ac8860283332,8cb980d669fc5bfab2ad757dd8a4210c,837d614e2d894c7bd06abb22e3594100
198052,1.6679651737521128,1.7616565344884767,115,4d631bfc9292dbacea87ac8860283332,837d614e2d894c7bd06abb22e3594100,8cb980d669fc5bfab2ad757dd8a4210c
199260,2.583704461628075,2.378765546693623,115,837d614e2d894c7bd06abb22e3594100,52eba2f3fae93139fe2cb55b384ba319,4d631bfc9292dbacea87ac8860283332
200400,2.9909175688133054,1.9346704233519694,115,52eba2f3fae93139fe2cb55b384ba319,837d614e2d894c7bd06abb22e3594100,4d631bfc9292dbacea87ac8860283332
201133,3.0676324434201643,2.562873162183303,115,52eba2f3fae93139fe2cb55b384ba319,837d614e2d894c7bd06abb22e3594100,4d631bfc9292dbacea87ac8860283332
201871,3.2968387697757384,2.4516497895694283,115,52eba2f3fae93139fe2cb55b384ba319,837d614e2d894c7bd06abb22e3594100,4d631bfc9292dbacea87ac8860283332
202459,3.3526926477373893,2.0937884463718675,115,52eba2f3fae93139fe2cb55b384ba319,837d614e2d894c7bd06abb22e3594100,4d631bfc9292dbacea87ac8860283332
202883,2.6119907625137153,2.3024073778703196,115,52eba2f3fae93139fe2cb55b384ba319,4d631bfc9292dbacea87ac8860283332,837d614e2d894c7bd06abb22e3594100
203365,2.6719974215870725,2.205357479606172,115,52eba2f3fae93139fe2cb55b384ba319,837d614e2d894c7bd06abb22e3594100,4d631bfc9292dbacea87ac8860283332
204318,2.614344503775362,2.240448121170922,115,52eba2f3fae93139fe2cb55b384ba319,837d614e2d894c7bd06abb22e3594100,4d631bfc9292dbacea87ac8860283332
205277,2.5726526483920362,2.284446116264052,115,52eba2f3fae93139fe2cb55b384ba319,837d614e2d894c7bd06abb22e3594100,4d631bfc9292dbacea87ac8860283332
208663,2.4202893342132152,2.1599489699384105,115,4d631bfc9292dbacea87ac8860283332,837d614e2d894c7bd06abb22e3594100,52eba2f3fae93139fe2cb55b384ba319
209611,2.0161165674275283,1.9354825022692137,115,4d631bfc9292dbacea87ac8860283332,837d614e2d894c7bd06abb22e3594100,8cb980d669fc5bfab2ad757dd8a4210c
210389,1.5061748142874416,1.730219053956707,115,4d631bfc9292dbacea87ac8860283332,837d614e2d894c7bd06abb22e3594100,8cb980d669fc5bfab2ad757dd8a4210c
213633,2.2789137359299856,1.1539687172350042,115,837d614e2d894c7bd06abb22e3594100,4d631bfc9292dbacea87ac8860283332,52eba2f3fae93139fe2cb55b384ba319
214619,3.0801981819155833,0.6427622448430065,115,837d614e2d894c7bd06abb22e3594100,4d631bfc9292dbacea87ac8860283332,52eba2f3fae93139fe2cb55b384ba319
217941,3.3595887926182346,0.4645155694803413,115,837d614e2d894c7bd06abb22e3594100,52eba2f3fae93139fe2cb55b384ba319,4d631bfc9292dbacea87ac8860283332
219002,3.4285327172372715,1.3841236480846426,115,52eba2f3fae93139fe2cb55b384ba319,837d614e2d894c7bd06abb22e3594100,4d631bfc9292dbacea87ac8860283332
219942,3.103760150670534,3.3051108742218194,115,52eba2f3fae93139fe2cb55b384ba319,8cb980d669fc5bfab2ad757dd8a4210c,4d631bfc9292dbacea87ac8860283332
223114,2.65792931480869,4.001751156362265,115,52eba2f3fae93139fe2cb55b384ba319,8cb980d669fc5bfab2ad757dd8a4210c,4d631bfc9292dbacea87ac8860283332
224031,2.549125034471765,3.122186631510779,115,52eba2f3fae93139fe2cb55b384ba319,4d631bfc9292dbacea87ac8860283332,8cb980d669fc5bfab2ad757dd8a4210c
225218,2.5499120255711087,2.591889324625451,115,52eba2f3fae93139fe2cb55b384ba319,837d614e2d894c7bd06abb22e3594100,4d631bfc9292dbacea87ac8860283332
228176,3.081942120490403,1.6949037617931624,115,837d614e2d894c7bd06abb22e3594100,52eba2f3fae93139fe2cb55b384ba319,4d631bfc9292dbacea87ac8860283332
229124,3.3601968664001327,0.8313746323749693,115,837d614e2d894c7bd06abb22e3594100,52eba2f3fae93139fe2cb55b384ba319,4d631bfc9292dbacea87ac8860283332
230161,3.4572182971543595,0.5302806425485227,115,837d614e2d894c7bd06abb22e3594100,52eba2f3fae93139fe2cb55b384ba319,4d631bfc9292dbacea87ac8860283332
233360,3.461771773826509,0.4902323476319249,115,837d614e2d894c7bd06abb22e3594100,52eba2f3fae93139fe2cb55b384ba319,4d631bfc9292dbacea87ac8860283332
234471,2.5370678075552973,1.423397327276851,115,837d614e2d894c7bd06abb22e3594100,4d631bfc9292dbacea87ac8860283332,52eba2f3fae93139fe2cb55b384ba319
236416,2.347514123675836,3.3528584417469887,115,52eba2f3fae93139fe2cb55b384ba319,8cb980d669fc5bfab2ad757dd8a4210c,4d631bfc9292dbacea87ac8860283332
238762,2.4912141527052833,4.338401415109309,115,8cb980d669fc5bfab2ad757dd8a4210c,52eba2f3fae93139fe2cb55b384ba319,676ca537da004748c7e24b3b36f74725
239701,2.212421892189697,5.009754230634818,115,8cb980d669fc5bfab2ad757dd8a4210c,52eba2f3fae93139fe2cb55b384ba319,676ca537da004748c7e24b3b36f74725
243119,2.1822328546913363,5.424672959238257,115,8cb980d669fc5bfab2ad757dd8a4210c,52eba2f3fae93139fe2cb55b384ba319,676ca537da004748c7e24b3b36f74725
245285,2.5205393219930428,4.281344871353789,115,52eba2f3fae93139fe2cb55b384ba319,8cb980d669fc5bfab2ad757dd8a4210c,4d631bfc9292dbacea87ac8860283332
248797,2.5399181243148417,3.27217762034423,115,52eba2f3fae93139fe2cb55b384ba319,8cb980d669fc5bfab2ad757dd8a4210c,4d631bfc9292dbacea87ac8860283332
250183,2.8114787272033324,4.142226207713271,115,52eba2f3fae93139fe2cb55b384ba319,8cb980d669fc5bfab2ad757dd8a4210c,b5de50f1597ac47be3c80938ac716700
254523,2.9634338259653403,5.2412080082104335,115,52eba2f3fae93139fe2cb55b384ba319,b5de50f1597ac47be3c80938ac716700,8cb980d669fc5bfab2ad757dd8a4210c
END
